﻿femail,  strips lingerie  VERY saucy 
femail,Lovestruck   1700-mile detour 
femail,Look away now  !   locks lips another man 
femail,William dismay public plea 
dailymail,sad family rift  half-sister  
dailymailceleb,kisses another man 
dailymailceleb,Dont mess actress 
dailymailceleb, Andrew  warning words 
dailymailceleb, rumored flame   flunks  Britishism‚ test 
dailymail_28,pub drinks friend mentor  wraps up  freezing temperatures 
dailymail_38,strips underwear VERY racy bedroom 
dailymail_45, sad rift her sister  family
dailymail_50,holds hands onscreen boyfriend Patrick J Adams
dailymail_53,  sneaks  hunting trip Bavaria
dailymail_61,marrying  Royal Family fury 80 years ago
dailymail_84,hasty exit: Besotted  leaves    Toronto apartment  cover dusk 
dailymail_85,  broke royal protocol  dash 
dailymail_89,Lovestruck   1700-mile diversion
dailymail_90, smooches another man 
dailymail_91,Look away now !     locks lips  another man 
dailymailuk,New royal row  topless photographs  leaked 
dailymailuk, William dismay   hot-headed public plea 
dailymailuk,glamorous assistant US Deal No Deal 
dailymailuk,  secretly dated English model  wooing
dailymailuk,new    dirty weekend Hollywood 
dailymailuk,appalled truth  rumoured new 
femail, dating  British model  wooing
dailymail_47,Topless photos  leaked 
dailymail_56,     chose acting foreign service career
telegraphnews,  breaches Royal policy  jets Caribbean tour 
telegraphnews,Watch       Britishness test  fail 
telegraphnews,     not fit  Royal family half-sister claims
pagesix,   extended controversial (expensive) vacation 
usweekly,gushed  liking British men 
enews,break royal protocol  
thedailybeast,very bloody  shooting weekend appall animal lover
thedailybeast,British press fuming  lying flying 
thesunshowbiz,steamy kiss costar  crime drama directed Amy Winehou
thesunshowbiz, strips steamy 
thesunshowbiz,rumoured    poses  racy bra-flashing photoshoot 
thesunshowbiz,secret  strips  underwear racy sex
thesun,steamy kiss  costar  watch out  
thesun, love  competition  
thesun,William  happy  hot-headed  emotional outburst
thesun,  sister  shocking warning
scottishsun,  hails  Royal  taxi 
scottishsun,  shows  new gift boyfriend   
scottishsun, William dismayed 
scottishsun, flame   social climber not fit royal‚ SISTER 
nationalpost, besotted diverts flight 2700
vancouversun, besotted diverts flight  2700
bossip,  Determined Wed   Despite Duchess Of Cornwall Hating 
popsugar,  ditches staff heads 
popsugaruk,  ditches staff heads 
mirrorroyal,Watch out  competition  Avis Collis  
mirrorroyal,dating English model Sarah Ann Macklin romance
dailymirror,glamorous princess  England Springboks 
dailymirror,  new love leave USA Trump wins
huffpostcanada,  doesnt deserve  Nubian Queen RachelDecoste 
huffpostcanada,dump   RachelDecoste
glamourmaguk,  Britishness  test  
msn,troublesome layover
msnsouthafrica, William brother  mistake
msnuk, William brother  mistake
yahoostyleuk, British men blame 
yahoostyleuk,  gushed  British men 
mirrorceleb, William deeply unhappy hot-headed brother 
mirrorceleb,     shows off cooking skills  Thanksgiving
mirrorceleb,Piers Morgan Hub dating advice  woo 
mirrorceleb,  strips NAKED  seductive sex  Queen 
mirrorceleb,Watch      forgotten flop Hollywood role 
mirrorceleb,  AWKWARD host jokes   school uniform
mirrorceleb,  rumoured American    FAILS British quiz miserably 
mirrorceleb, never lastdrama Wendy Williams 
telegraphnews,     not fit Royal famil half-sister 
harpersbazaarus," Ambitions Become a princess""  Half-Sister "
radar_online,Nudity  Noses! Notoriously Topless   Secret Plastic Surgery Exposed! 
radar_online,Sorry! Nude Photo  Leaks!  
radar_online,Bikini Body 