﻿negative,femail,  strips lingerie  VERY saucy 
negative,femail,Lovestruck   1700-mile detour 
negative,femail,Look away now  !   locks lips another man 
negative,femail,William dismay public plea 
negative,dailymail,sad family rift  half-sister  
negative,dailymailceleb,kisses another man 
negative,dailymailceleb,Don't mess actress 
negative,dailymailceleb, Andrew  warning words 
negative,dailymailceleb, rumored flame   flunks  Britishism‚ test 
negative,dailymail_28,pub drinks friend mentor  wraps up  freezing temperatures 
negative,dailymail_38,strips underwear VERY racy bedroom 
negative,dailymail_45, sad rift her sister  family
negative,dailymail_50,holds hands onscreen boyfriend Patrick J Adams
negative,dailymail_53,  sneaks  hunting trip Bavaria
negative,dailymail_61,marrying  Royal Family fury 80 years ago
negative,dailymail_84,hasty exit: Besotted  leaves    Toronto apartment  cover dusk 
negative,dailymail_85,  'broke royal protocol  dash 
negative,dailymail_89,"Lovestruck   1,700-mile diversion"
negative,dailymail_90, smooches another man 
negative,dailymail_91,Look away now !     locks lips  another man 
negative,dailymailuk,New royal row  topless photographs  leaked 
negative,dailymailuk, William dismay   'hot-headed' public plea 
negative,dailymailuk,glamorous assistant US Deal No Deal 
negative,dailymailuk,  secretly dated English model  wooing
negative,dailymailuk,new    dirty weekend Hollywood' 
negative,dailymailuk,appalled' truth  rumoured new 
negative,femail, dating  British model  wooing
negative,dailymail_47,Topless photos  leaked 
negative,dailymail_56,     chose acting foreign service career
negative,telegraphnews,  breaches Royal policy  jets Caribbean tour 
negative,telegraphnews,Watch       'Britishness test'  fail 
negative,telegraphnews,     not fit  Royal family half-sister claims
negative,thesunshowbiz,steamy kiss costar  crime drama directed Amy Winehou
negative,thesunshowbiz, strips steamy 
negative,thesunshowbiz,‚rumoured    poses  racy bra-flashing photoshoot 
negative,thesunshowbiz,secret ‚   strips  underwear racy sex
negative,thesun,steamy kiss  costar  watch out  
negative,thesun, love  competition  
negative,thesun,William  happy  'hot-headed'  emotional outburst
negative,thesun,  sister  shocking warning
negative,scottishsun,  hails  Royal  taxi 
negative,scottishsun,  shows  new gift boyfriend   
negative,scottishsun, William 'dismayed' 
negative,scottishsun, flame   social climber not fit royal‚ SISTER 
negative,mirrorroyal,Watch out  competition  Avis Collis  
negative,mirrorroyal,dating English model Sarah Ann Macklin romance
negative,dailymirror,glamorous princess  England Springboks 
negative,dailymirror,  new love leave USA Trump wins'
negative,mirrorceleb, William deeply unhappy hot-headed' brother 
negative,mirrorceleb,     shows off cooking skills  Thanksgiving
negative,mirrorceleb,Piers Morgan Hub dating advice  woo 
negative,mirrorceleb,  strips NAKED  seductive sex  Queen 
negative,mirrorceleb,Watch      forgotten flop Hollywood role 
negative,mirrorceleb,  AWKWARD host jokes   school uniform
negative,mirrorceleb,  rumoured American    FAILS British quiz miserably 
negative,mirrorceleb, never lastdrama Wendy Williams 
negative,telegraphnews,     not fit Royal famil half-sister 
positive,femail,  reveals  keeps mind  body healthy  
positive,femail,  opens facing racism sstarted dating    
positive,femail,ady  lunches
positive,femail, found love last 'besotted' Suits actress    
positive,femail,plays  nephew  
positive,dailymail,  family share enchanting photos younger days  
positive,dailymail,inspiring generation poverty stricken young girls Africa 
positive,dailymailceleb,inspiring generation poverty stricken young girls Africa 
positive,dailymail_24,Following Diana footsteps  inspiring  generati poverty stricken 
positive,dailymail_25,      keeps mind  body healthy      
positive,dailymail_26,"Mindless TV, snuggling dogs   wine reveals keeps mind  body "
positive,dailymail_36,style practical boots keep toes toasty winter         
positive,dailymail_37,  shares guide holiday tips    
positive,dailymail_41,Queen fully supportive grandson's romance
positive,dailymail_54,  family share enchanting photographs  
positive,dailymail_55, little girl grow steal heart
positive,dailymail_68,     pens essay  racism  endured trolls
positive,dailymailuk,Cambridge steal   sparkle 
positive,dailymailuk,smash  ceilings having ' slippers' 
positive,dailymailuk,focus less   slippers  pushing   ceilings
positive,dailymailuk, Cambridge delighted new-found romance   
positive,dailymailuk,  friends  family royals lucky 
positive,dailymailuk,new love  have found close  globe 
positive,telegraphnews,Cambridge approved   plea trolls  leave  
positive,telegraph, surprise  masterstroke 
positive,sun,love
positive,mirrorroyal, little princess Family snaps show   LA childhood 
positive,mirrorroyal,  pays adorable tribute
positive,mirrorroyal,  urges Americans to vote for ir next President  
positive,mirrorroyal,royal  besotted' 
positive,mirrorceleb,kiss mistletoe  special gift 
positive,mirrorceleb,William steps  defend  
positive,mirrorceleb,     struggles  balance Hollywood glamour  third world reality
positive,mirrorceleb, William  'fabulously' 
positive,mirrorceleb,fairytale   fairytale princess
positive,guardian,Rejoice!   wedding rescue 
positive,Guardian Opini,Rejoice!  wedding rescue 
positive,Guardian Australia,Rejoice!  wedding  rescue 