﻿negative,pagesix,   extended controversial (expensive) vacation 
negative,usweekly,gushed  liking British men 
negative,enews,break royal protocol  
negative,thedailybeast,very bloody  shooting weekend appall animal lover
negative,thedailybeast,British press fuming  lying flying 
negative,nationalpost," besotted‚   diverts flight 2,700"
negative,vancouversun," besotted‚   diverts flight  2,700"
negative,bossip,  Determined Wed   Despite Duchess Of Cornwall Hating 
negative,popsugar,  ditches staff heads 
negative,popsugaruk,  ditches staff heads 
negative,huffpostcanada,  doesn't deserve  'Nubian Queen RachelDecoste 
negative,huffpostcanada,dump   RachelDecoste
negative,glamourmaguk,  Britishness  test  
negative,msn,troublesome layover
negative,msnsouthafrica, William brother  mistake
negative,msnuk, William brother  mistake
negative,yahoostyleuk, British men blame 
negative,yahoostyleuk,  gushed  British men 
negative,harpersbazaarus," Ambitions Become a princess,""  Half-Sister "
negative,radar_online,Nudity ; Noses! Notoriously Topless   Secret Plastic Surgery Exposed! 
negative,radar_online,"Sorry, ! Nude Photo  Leaks!  "
negative,radar_online, ‚Bikini Body 
positive,usweekly,  charmed  William ‚  now  approval Queen Elizabeth 
positive,usweekly,"Queen ""fully supportive"" romance "
positive,usweekly,  pens  moving essay  experience biracial actress Hollywood  
positive,usweekly,  writes emotial essay  biracial actress
positive,usweekly,shares cute photo rescue puppy  Union Jack sweater
positive,usweekly,  thanks fans support 
positive,usweekly,"defended  racist, sexist trolls"
positive,usweekly,sister-in-law awaits!  Kate looking forward  meeting
positive,usweekly, Kate looking forward meeting 
positive,usweekly,  Kate keen meet     
positive,usweekly,stunning high school 
positive,enews,  Upscale Style  Totally Achievable  
positive,enews,Gregg Sulkin worked best
positive,enews,Gregg Sulkin Reveals  Perfect princess 
positive,enews, opening up  biracial 
positive,enews,"  in love,  in love   ""H"" necklace"
positive,enews,"  happy skip dessert,  red wine"
positive,enews,Doing good  feeling good Hollywood easy.
positive,enews, Queen spoken: Elizabeth Hurley rooting royal wedding
positive,enews,"romance blossoms,  all smiles."
positive,enews,classy.  
positive,enews, more than  Instagram 
positive,enews,Forever classy girl
positive,dailybeast, perfect princess
positive,dailybeast, spark  royal cultural revolution
positive,vancouversun,Holiday party dressing tips Suits star    
positive,vancouversun,Sparkle Holiday party dressing tips Suits star   
positive,bossip, William Supports 
positive,popsugar, William supports 
positive,popsugar,  pens incredibly inspiring essay   harsh realities fame
positive,popsugaruk,  moving essay  feminism  philanthropy
positive,popsugaruk, William fabulously
positive,perezhilt, pens powerful essay  racial identity! Bravo! 
positive,perezhilt,KateMiddlet meet   !  
positive,nydailynews,  pens essay   biracial America  
positive,nydailynews,  pens essay   biracial in America 
positive,elleaus,written moving essay  biracial
positive,elleaus, loved 
positive,elleaus,written powerful essay  balancing fame 
positive,elleaus,Kate Middlet meet 
positive,elleaus,style  fit princess
positive,elleuk,Fitness Tips  Staying Healthy  
positive,elleuk,Queen Elizabeth Approves 
positive,elleuk,Inspiratial Quotes  
positive,elleuk,"Fame Opportunity,  Respsibility"
positive,elleuk, William Support    
positive,elleuk,"Fame Opportunity,  Respsibility"
positive,elleuk,"Fame Opportunity, Respsibility' "
positive,ellemagazine,target fake royal scal
positive,ellemagazine,Queen Elizabeth Approves
positive,ellemagazine,  homage   adorable
positive,ellemagazine,best looks
positive,ellemagazine, William  Support 
positive,ellemagazine, 'Deal or No Deal' girl  pictures  pure GOLD
positive,ellemagazine,Fame Opportunity Respsibility
positive,ellemagazine,"mom raised  global citizen,open  harsh realities' "
positive,bbcnewsents,  praised 
positive,instyle,best street style moments   new love interest fashion
positive,instyle,Aww!   sweet gesture rom-com
positive,instyle,ornaments love  Christmas tree
positive,instyle,great royal
positive,instyle,ElizabethHurley  royal seal  approval  
positive,instyle,adorable matching bracelets
positive,instyle, entrepreneur lifestyle site
positive,instyle,tips ruling  office
positive,instyleaus,painted      wearing  Diana tiara 
positive,instyleaus,picture royal wedding
positive,britishvogue,"sharp, polid style"
positive,britishvogue,polid style
positive,britishvogue,Polid Style: fashion pointers  actress 
positive,britishvogue,rumoured tromantically   style 
positive,voguemagazine,new lo-fi sensibility off-duty dressing
positive,voguemagazine,all-weather classic
positive,voguemagazine,  lot more than 
positive,voguemagazine,new lo-fi sensibilityoff-duty dressing
positive,voguemagazine,all-weather classic
positive,voguemagazine,lot more than just girlfriend
positive,vogueaustralia, Queen blessing 
positive,vogueaustralia,chivalry
positive,vogueaustralia,William approves
positive,huffpostcanada,more than  'Other'  
positive,huffpostcanada, William supports       
positive,huffpostcanada,changing  world age 11 
positive,huffpostcalife, more than 'Other'  
positive,huffpostcalife, William supports     
positive,huffpostcalife,changing  world age 11
positive,huffpost,adorable 
positive,huffpostent,  adorable 
positive,usatodaylife, cute
positive,usatodaylife, William backs privacy 
positive,usatodaylife,"ccerned  'glass ceilings,' not 'glass slippers' "
positive,usatoday,  pens revealing essay  biracial Hollywood 
positive,usatoday, William backs      privacy 
positive,time,biracial limited roles Hollywood 
positive,time,  stylishly declares love
positive,time,wrote moving letter   importance philanthropy  
positive,glamourmag, beautiful 
positive,msnsouthafrica,     pens essay  biracial 
positive,msnsouthafrica,     modern-day princess 
positive,msnuk,     pens essay  biracial 
positive,tortostar, black  black white white actress
positive,tortostar,Considering royals' history  race progressive shift
positive,yahoostyleca,  street style
positive,yahoostyleca,receives Kate royal stamp approval. 
positive,yahoostyleuk,    opens up  biracial actress Hollywood  
positive,yahoostyleuk,  penned important essay  juggling fame  philanthropy  
positive,yahoostyleuk,  pens powerful essay  gender equality  fame  good 
positive,yahoostyleuk, more than actress 
positive,yahoostyleuk,more than  actress
positive,yahoostyleuk,"Actress, feminist  humanitarian "
positive,bazaaruk,biggest fashion hits favourite
positive,bazaaruk, fitness tips staying healthy
positive,bazaaruk, her advice success
positive,bazaaruk,Queen  blessing
positive,bazaaruk,Queen Elizabeth  approves 
positive,bazaaruk,elegant ensembles
positive,bazaaruk," sweet reassuringly normal, couples "
positive,bazaaruk,mixed race identity black black roles
positive,bazaaruk,adorable declared her love 
positive,bazaaruk,Duke Cambridge support
positive,bazaaruk,Meghan Markle more than 
positive,harpersbazaarus,"More Than  ""Other"""
positive,harpersbazaarus,career  actor  hidden talent