﻿pagesix,   extended controversial (expensive) vacation 
usweekly,gushed  liking British men 
enews,break  protocol  
thedailybeast,very bloody  shooting weekend appall animal lover
thedailybeast,British press fuming  lying flying 
nationalpost, besotted diverts flight 2700
vancouversun, besotted diverts flight  2700
bossip,  Determined Wed   Despite Duchess Of Cornwall Hating 
popsugar,  ditches staff heads 
popsugaruk,  ditches staff heads 
huffpostcanada,  doesnt deserve  Nubian Queen RachelDecoste 
huffpostcanada,dump   RachelDecoste
glamourmaguk,  Britishness  test  
msn,troublesome layover
msnsouthafrica, William brother  mistake
msnuk, William brother  mistake
yahoostyleuk, British men blame 
yahoostyleuk,  gushed  British men 
harpersbazaarus," Ambitions Become a princess""  Half-Sister "
radar_online,Nudity ; Noses! Notoriously Topless   Secret Plastic Surgery Exposed! 
radar_online,Sorry ! Nude Photo  Leaks!  
radar_online,Bikini Body 
usweekly,  charmed  William now  approval Queen Elizabeth 
usweekly,"Queen ""fully supportive"" romance "
usweekly,  pens  moving essay  experience biracial actress Hollywood  
usweekly,  writes emotial essay  biracial actress
usweekly,shares cute photo rescue puppy  Union Jack sweater
usweekly,  thanks fans support 
usweekly,defended  racist sexist trolls
usweekly,sister-in-law awaits!  Kate looking forward  meeting
usweekly, Kate looking forward meeting 
usweekly,  Kate keen meet     
usweekly,stunning high school 
enews,  Upscale Style  Totally Achievable  
enews,Gregg Sulkin worked best
enews,Gregg Sulkin Reveals  Perfect princess 
enews, opening up  biracial 
enews,"  in love  in love   ""H"" necklace"
enews,  happy skip dessert  red wine
enews,Doing good  feeling good Hollywood easy.
enews, Queen spoken: Elizabeth Hurley rooting  wedding
enews,romance blossoms  all smiles.
enews,classy.  
enews, more than  Instagram 
enews,Forever classy girl
dailybeast, perfect princess
dailybeast, spark   cultural revolution
vancouversun,Holiday party dressing tips Suits star    
vancouversun,Sparkle Holiday party dressing tips Suits star   
bossip, William Supports 
popsugar, William supports 
popsugar,  pens incredibly inspiring essay   harsh realities fame
popsugaruk,  moving essay  feminism  philanthropy
popsugaruk, William fabulously
perezhilt, pens powerful essay  racial identity! Bravo! 
perezhilt,KateMiddlet meet   !  
nydailynews,  pens essay   biracial America  
nydailynews,  pens essay   biracial in America 
elleaus,written moving essay  biracial
elleaus, loved 
elleaus,written powerful essay  balancing fame 
elleaus,Kate Middlet meet 
elleaus,style  fit princess
elleuk,Fitness Tips  Staying Healthy  
elleuk,Queen Elizabeth Approves 
elleuk,Inspiratial Quotes  
elleuk,Fame Opportunity  Respsibility
elleuk, William Support    
elleuk,Fame Opportunity  Respsibility
elleuk,Fame Opportunity Respsibility 
ellemagazine,target fake  scal
ellemagazine,Queen Elizabeth Approves
ellemagazine,  homage   adorable
ellemagazine,best looks
ellemagazine, William  Support 
ellemagazine, Deal or No Deal girl  pictures  pure GOLD
ellemagazine,Fame Opportunity Respsibility
ellemagazine,mom raised  global citizenopen  harsh realities 
bbcnewsents,  praised 
instyle,best street style moments   new love interest fashion
instyle,Aww!   sweet gesture rom-com
instyle,ornaments love  Christmas tree
instyle,great 
instyle,ElizabethHurley   seal  approval  
instyle,adorable matching bracelets
instyle, entrepreneur lifestyle site
instyle,tips ruling  office
instyleaus,painted      wearing  Diana tiara 
instyleaus,picture  wedding
britishvogue,sharp polid style
britishvogue,polid style
britishvogue,Polid Style: fashion pointers  actress 
britishvogue,rumoured tromantically   style 
voguemagazine,new lo-fi sensibility off-duty dressing
voguemagazine,all-weather classic
voguemagazine,  lot more than 
voguemagazine,new lo-fi sensibilityoff-duty dressing
voguemagazine,all-weather classic
voguemagazine,lot more than just girlfriend
vogueaustralia, Queen blessing 
vogueaustralia,chivalry
vogueaustralia,William approves
huffpostcanada,more than  Other  
huffpostcanada, William supports       
huffpostcanada,changing  world age 11 
huffpostcalife, more than Other  
huffpostcalife, William supports     
huffpostcalife,changing  world age 11
huffpost,adorable 
huffpostent,  adorable 
usatodaylife, cute
usatodaylife, William backs privacy 
usatodaylife,ccerned  glass ceilings not glass slippers 
usatoday,  pens revealing essay  biracial Hollywood 
usatoday, William backs      privacy 
time,biracial limited roles Hollywood 
time,  stylishly declares love
time,wrote moving letter   importance philanthropy  
glamourmag, beautiful 
msnsouthafrica,     pens essay  biracial 
msnsouthafrica,     modern-day princess 
msnuk,     pens essay  biracial 
tortostar, black  black white white actress
tortostar,Considering s history  race progressive shift
yahoostyleca,  street style
yahoostyleca,receives Kate  stamp approval. 
yahoostyleuk,    opens up  biracial actress Hollywood  
yahoostyleuk,  penned important essay  juggling fame  philanthropy  
yahoostyleuk,  pens powerful essay  gender equality  fame  good 
yahoostyleuk, more than actress 
yahoostyleuk,more than  actress
yahoostyleuk,Actress feminist  humanitarian 
bazaaruk,biggest fashion hits favourite
bazaaruk, fitness tips staying healthy
bazaaruk, her advice success
bazaaruk,Queen  blessing
bazaaruk,Queen Elizabeth  approves 
bazaaruk,elegant ensembles
bazaaruk, sweet reassuringly normal couples 
bazaaruk,mixed race identity black black roles
bazaaruk,adorable declared her love 
bazaaruk,Duke Cambridge support
bazaaruk,Meghan Markle more than 
harpersbazaarus,"More Than  ""Other"""
harpersbazaarus,career  actor  hidden talent