﻿femail,  strips lingerie  VERY saucy 
femail,Lovestruck   1700-mile detour 
femail,Look away now  !   locks lips another man 
femail,William dismay public plea 
dailymail,sad family rift  half-sister  
dailymailceleb,kisses another man 
dailymailceleb,Dont mess actress 
dailymailceleb, Andrew  warning words 
dailymailceleb, rumored flame   flunks  Britishism test 
dailymail_28,pub drinks friend mentor  wraps up  freezing temperatures 
dailymail_38,strips underwear VERY racy bedroom 
dailymail_45, sad rift her sister  family
dailymail_50,holds hands onscreen boyfriend Patrick J Adams
dailymail_53,  sneaks  hunting trip Bavaria
dailymail_61,marrying   Family fury 80 years ago
dailymail_84,hasty exit: Besotted  leaves    Toronto apartment  cover dusk 
dailymail_85,  broke  protocol  dash 
dailymail_89,Lovestruck   1700-mile diversion
dailymail_90, smooches another man 
dailymail_91,Look away now !     locks lips  another man 
dailymailuk,New  row  topless photographs  leaked 
dailymailuk, William dismay   hot-headed public plea 
dailymailuk,glamorous assistant US Deal No Deal 
dailymailuk,  secretly dated English model  wooing
dailymailuk,new    dirty weekend Hollywood 
dailymailuk,appalled truth  rumoured new 
femail, dating  British model  wooing
dailymail_47,Topless photos  leaked 
dailymail_56,     chose acting foreign service career
telegraphnews,  breaches  policy  jets Caribbean tour 
telegraphnews,Watch       Britishness test  fail 
telegraphnews,     not fit   family half-sister claims
thesunshowbiz,steamy kiss costar  crime drama directed Amy Winehou
thesunshowbiz, strips steamy 
thesunshowbiz,rumoured    poses  racy bra-flashing photoshoot 
thesunshowbiz,secret    strips  underwear racy sex
thesun,steamy kiss  costar  watch out  
thesun, love  competition  
thesun,William  happy  hot-headed  emotional outburst
thesun,  sister  shocking warning
scottishsun,  hails    taxi 
scottishsun,  shows  new gift boyfriend   
scottishsun, William dismayed 
scottishsun, flame   social climber not fit  SISTER 
mirror,Watch out  competition  Avis Collis  
mirror,dating English model Sarah Ann Macklin romance
dailymirror,glamorous princess  England Springboks 
dailymirror,  new love leave USA Trump wins
mirrorceleb, William deeply unhappy hot-headed brother 
mirrorceleb,     shows off cooking skills  Thanksgiving
mirrorceleb,Piers Morgan Hub dating advice  woo 
mirrorceleb,  strips NAKED  seductive sex  Queen 
mirrorceleb,Watch      forgotten flop Hollywood role 
mirrorceleb,  AWKWARD host jokes   school uniform
mirrorceleb,  rumoured American    FAILS British quiz miserably 
mirrorceleb, never lastdrama Wendy Williams 
telegraphnews,     not fit  famil half-sister 
femail,  reveals  keeps mind  body healthy  
femail,  opens facing racism sstarted dating    
femail,ady  lunches
femail, found love last besotted Suits actress    
femail,plays  nephew  
dailymail,  family share enchanting photos younger days  
dailymail,inspiring generation poverty stricken young girls Africa 
dailymailceleb,inspiring generation poverty stricken young girls Africa 
dailymail_24,Following Diana footsteps  inspiring  generati poverty stricken 
dailymail_25,      keeps mind  body healthy      
dailymail_26,Mindless TVsnuggling dogs   wine reveals keeps mind  body 
dailymail_36,style practical boots keep toes toasty winter         
dailymail_37,  shares guide holiday tips    
dailymail_41,Queen fully supportive grandsons romance
dailymail_54,  family share enchanting photographs  
dailymail_55, little girl grow steal heart
dailymail_68,     pens essay  racism  endured trolls
dailymailuk,Cambridge steal   sparkle 
dailymailuk,smash  ceilings having  slippers 
dailymailuk,focus less   slippers  pushing   ceilings
dailymailuk, Cambridge delighted new-found romance   
dailymailuk,  friends  family s lucky 
dailymailuk,new love  have found close  globe 
telegraphnews,Cambridge approved   plea trolls  leave  
telegraph, surprise  masterstroke 
sun,love
mirror, little princess Family snaps show   LA childhood 
mirror,  pays adorable tribute
mirror,  urges Americans to vote for ir next President  
mirror,  besotted 
mirrorceleb,kiss mistletoe  special gift 
mirrorceleb,William steps  defend  
mirrorceleb,     struggles  balance Hollywood glamour  third world reality
mirrorceleb, William  fabulously 
mirrorceleb,fairytale   fairytale princess
guardian,Rejoice!   wedding rescue 
Guardian Opini,Rejoice!  wedding rescue 
Guardian Australia,Rejoice!  wedding  rescue 