﻿femail,  reveals how she keeps her mind and body healthy  
femail,  opens up about facing racism since she started dating    
femail,why she never wanted to be a lady who lunches  
femail,Was it   polished sense of style that won over her boyfriend  ?  
femail,Has  found love at last?  is besotted with Suits actress    
femail,11-year-old   plays with her nephew  
dailymail,  family share their enchanting photos of her in her younger days  
dailymail,  girl   is inspiring a generation of poverty stricken young girls in Africa  
dailymailceleb,  girl   is inspiring poverty stricken young girls in Africa    
dailymail_24,Following in Diana footsteps:   girl   is inspiring a generation of poverty stricken 
dailymail_25,     on how she keeps mind and body healthy      
dailymail_26,Mindless TV snuggling with my dogs and a glass of wine:   reveals how she keeps her mind and body 
dailymail_36,20  -style practical boots to keep your toes toasty this winter         
dailymail_37,  shares a guide to holiday tips    
dailymail_41,Queen is fully supportive of her grandson romance with         
dailymail_54,  family share enchanting photographs of the actress        
dailymail_55,The little girl who would grow up to steal a  heart...   family share 
dailymail_68,     pens essay on racism she endured from trolls
dailymailuk,How the  of Cambridge can steal   sparkle 
dailymailuk,  says she wants to smash glass ceilings rather than having glass slippers 
dailymailuk,  wants to focus less on glass slippers and more on pushing through glass ceilings  
dailymailuk, of Cambridge said to be delighted over   new-found romance with    
dailymailuk,  friends and family say s would be lucky to have her 
dailymailuk,How   and new love   have found themselves close to each other around the globe 
telegraphnews,The Duke of Cambridge approved   plea to trolls to leave   alone 
telegraph,Statement on   and   may have been a surprise - it was also a masterstroke 
usweekly,  has already charmed  William and now she‚ got the approval of Queen Elizabeth II as well! 
usweekly,"Queen is ""fully supportive"" of   romance with   ‚get the details! "
usweekly,  pens a moving essay about her experience as a biracial actress 
usweekly,  writes an emotional essay about being a biracial actress: 
usweekly, shares cute photo of rescue puppy in Union Jack sweater
usweekly,  thanks fans for their support after   defended their relationship
usweekly,Enough is enough!   has defended GF   against racist sexist trolls
usweekly,His sister-in-law awaits!  Kate is looking forward to meeting   new   
usweekly, Kate is looking forward to meeting   new   
usweekly,"  Kate is ""really keen"" to meet     "
usweekly,  (  new !) was stunning even in high school ‚see her yearbook photos!  
enews,  Upscale Style Is Totally Achievable  
enews,Of all the actresses Gregg Sulkin has worked with he thinks    is the best
enews,Gregg Sulkin Reveals Who   Really Is--and Why Shed Make a Perfect ss  
enews,  is opening up about what it like to be biracial in 2016
enews,Yoga Tiganello wine and flowers oh my! Inside a day in the life of  
enews,"  is in love she in love and she got an ""H"" necklace to show it"
enews,  is happy to skip dessert enough for  only if that means more red wine
enews,Take it from  : Doing good AND feeling good in Hollywood doesnt always come easy.
enews,Queen has spoken: Elizabeth Hurley is rooting for a  wedding between   and  !
enews,As his romance with   blossoms   is all smiles.
enews,Definitive proof   was literally always so damn classy.  
enews,Why   may really be the one for  
enews,  is way more than    she also has an Instagram game that puts us all to shame
enews,Sure   is a public figure‚ enough for  the attacks against him and his    are over the top
enews,Sorry ladies!   has fallen hard for   
enews,"Forever ""classy girl"": We found   high school yearbook photos"
thedailybeast,Why   might be perfect for  
thedailybeast,  and   might spark a  cultural revolution
thesun,  and   look totally in love in the first pictures of them together 
thesun,   and boyfriend   pictured on a romantic date in London  
vancouversun,Holiday party dressing tips from Suits star    
vancouversun,Sparkle like : Holiday party dressing tips from Suits star   
bossip, William Says He Supports  ‚  Statement Regarding Rumored GF  
popsugar, William supports  plea over   privacy 
popsugar,  pens an incredibly inspiring essay about the harsh realities of fame
popsugaruk,  moving essay about feminism and philanthropy is what we all need right now  
popsugaruk," William ""got on fabulously"" with"
perezhilton, GF  pens a powerful essay about racial identity! Bravo! 
perezhilton,KateMiddleton REALLY wants to meet   !  
mirror, little ss: Family snaps show   LA childhood 
mirror,  pays adorable trienough for e to   on visit to AIDs charity  
mirror,  urges Americans to vote for their next President - because her great grandparents couldnt USElection  
mirror,  ecretly dating US actress   and the  is besotted 
mirrorceleb,  and    to kiss under the mistletoe - as theyre given special gift 
mirrorceleb,Big brother  William steps in to defend  over  statement  
mirrorceleb,     struggles to balance Hollywood glamour with third world reality 
mirrorceleb,  and  William got on fabulously during her low key London stay
mirrorceleb,  says her relationship with   is like a fairytale... and every fairytale needs a ss
mirrorceleb,One is not amused... Palace backs   statement defending   
elleaus,has written a moving essay about being biracial
elleaus, just visited his   in Canada because he just that loved up
elleaus,has written a powerful essay about balancing fame with what really matters
elleaus,Kate Middleton really wants to meet   new (officially confirmed)
elleaus,21 times  style was fit for a ss
elleuk,  7 Fitness Tips To Staying Healthy  
elleuk,Queen Elizabeth Approves of   and   Relationship 
elleuk,17 Of   Most Inspirational Quotes  
elleuk,With Fame Comes Opportunity Also A Responsibility 
elleuk, William Made a Rare Statement to Show Support for   and   
elleuk,With Fame Comes Opportunity  A Responsibility: An Essay By  
ellemagazine,  is already the target of fake  scandal
ellemagazine,Queen Elizabeth Approves of   
ellemagazine,  homage to   is adorable and I want one
ellemagazine,All of   best looks
ellemagazine, William Made a Rare Statement to Show Support for   and  
ellemagazine,25-year-old   was a Deal or No Deal girl ìand the pictures are pure GOLD
ellemagazine, My mom raised me to be a global citizen with eyes open to harsh realities 
bbcnewsents,  praised for   statement
bbcnewsents,   US actress   has been subject to a wave of abuse and harassment 
instyle,s best street style moments because   new love interest knows fashion
instyle,Aww!   sweet gesture for   is straight out of a rom-com
instyle,9 ornaments wed love to see on  and   Christmas tree
instyle,11 reasons why  would make a great 
instyle,ElizabethHurley gave  the  seal of approval  
instyle,  and   wear the most adorable matching bracelets
instyle,    is quite the entrepreneur check out her lifestyle site TheTigOfficial
instyle,Suits_USA star  shares 9 tips for ruling the office
instyleaus,  has experienced racism since her relationship with   was revealed. She how she handled it  
instyleaus,Street artist Pegasus has painted      wearing  Diana tiara 
instyleaus,I can absolutely picture a  wedding -   brother 
britishvogue,Style lessons to learn from  
britishvogue,Vogue takes a closer look at  sharp polished style
britishvogue,As she rumoured to be dating   Vogue takes a closer look at   polished style
britishvogue,Lessons In Polished Style Vogue rounds up fashion pointers to take from actress 
britishvogue,As she rumoured to be romantically linked to   here are the style lessons to learn from   
voguemagazine,  brings a new lo-fi sensibility to off-duty dressing
voguemagazine,  broke out an all-weather classic
voguemagazine,  is a lot more than just   
vogueaustralia,Queen has given her blessing to   and  
vogueaustralia,  dropped   at the airport and proved chivalry isnt dead
vogueaustralia,  and  :  William approves
huffpostcanada,  says she more than an Other  
huffpostcanada, William supports   and    
huffpostcanada, was changing the world 
huffpostcalife,  says she more than an Other  
huffpostcalife, William supports   and  
huffpostcalife, was changing the world 
huffpostcalife,  calls out racist and sexist harrassment of    
huffpost,The first photo of   with   is here and it adorable 
huffpostent,The first photo of   with   is here and it adorable 
usatodaylife,Too cute:  mutt is stylin in a (hand-me-down) Union Jack sweater
usatodaylife, William backs   call for   privacy 
usatodaylife,  is concerned with glass ceilings not glass slippers 
usatoday, William backs   call for   privacy 
time,  says being biracial limited her roles in Hollywood 
time,  stylishly declares her love for    
time,  just wrote a moving letter about the importance of philanthropy  
guardian,Rejoice! wedding could rescue 
guardian,Tabloids on   and  : dont blame us guv 
guardian,  and Gina Miller don‚Äôt recognise their limits. Good for them
Guardian Opinion,Rejoice! wedding could rescue 
Guardian Opinion,  and Gina Miller don‚Äôt recognise their limits. Good for them
Guardian Australia,Rejoice! wedding could rescue
glamourmag, is poised and beautiful in so many ways.  
msnsouthafrica,     is the modern-day ss we need  
torontostar," : ""I wasnt black enough for  black roles... or white enough for  white ones""  "
torontostar,Considering s history with race   &amp;    are a progressive shift
yahoostyleca,  street style is leaving us 
yahoostyleca,She a keeper:   receives Kate  stamp of approval. 
yahoostyleuk,    opens up about being a biracial actress in Hollywood  
yahoostyleuk,  has penned an important essay on juggling fame and philanthropy  
yahoostyleuk,  pens powerful essay about gender equality and why she wants to use her fame to do good 
yahoostyleuk,     is more than just an actress 
yahoostyleuk,Actress feminist and humanitarian: everything you need to know about   
bazaaruk,We relive biggest fashion hits. Which of looks is your favourite?  
bazaaruk,7 fitness tips for staying healthy 
bazaaruk,Meghan Markle shares her advice for success 
bazaaruk,Queen has reportedly given her blessing
bazaaruk,Queen Elizabeth reportedly approves 
bazaaruk,15 of most elegant ensembles
bazaaruk,a very sweet reassuringly normal couples thing together
bazaaruk,finding her mixed race identity: I wasnt black enough for  black roles
bazaaruk,You have to see the adorable way  just declared her love
bazaaruk,Duke of Cambridge shows his support 
bazaaruk, Why its important to remember that  is so much more than girlfriend
harpersbazaarus,"Im More Than An ""Other"" "
harpersbazaarus,From her career as an actor to her hidden talent these are 5 things you should know about new 