"","bigram","n"
"1","girl is inspiring",3
"2","how she keeps",3
"3","mind and body",3
"4","rejoice wedding could",3
"5","wedding could rescue",3
"6","a generation of",2
"7","and body healthy",2
"8","generation of poverty",2
"9","girls in africa",2
"10","her mind and",2
"11","inspiring a generation",2
"12","is inspiring a",2
"13","keeps her mind",2
"14","of poverty stricken",2
"15","poverty stricken girls",2
"16","reveals how she",2
"17","she keeps her",2
"18","stricken girls in",2
"19","11 year old",1
"20","20 style practical",1
"21","a fairytale and",1
"22","a glass of",1
"23","a guide to",1
"24","a heart family",1
"25","a lady who",1
"26","a romantic date",1
"27","a surprise it",1
"28","a wave of",1
"29","about facing racism",1
"30","abuse and harassment",1
"31","actress and the",1
"32","actress has been",1
"33","adorable trienough for",1
"34","also a masterstroke",1
"35","americans to vote",1
"36","amused palace backs",1
"37","and a glass",1
"38","and boyfriend pictured",1
"39","and don't blame",1
"40","and every fairytale",1
"41","and family say",1
"42","and look totally",1
"43","and may have",1
"44","and more on",1
"45","and new love",1
"46","and the royal",1
"47","and to kiss",1
"48","and william got",1
"49","approved plea to",1
"50","around the globe",1
"51","as they're given",1
"52","at last is",1
"53","backs statement defending",1
"54","balance hollywood glamour",1
"55","be a lady",1
"56","be delighted over",1
"57","be lucky to",1
"58","because her great",1
"59","been a surprise",1
"60","been subject to",1
"61","besotted with suits",1
"62","big brother william",1
"63","blame us guv",1
"64","boots to keep",1
"65","boyfriend pictured on",1
"66","brother william steps",1
"67","cambridge approved plea",1
"68","cambridge can steal",1
"69","cambridge said to",1
"70","can steal sparkle",1
"71","ceilings rather than",1
"72","close to each",1
"73","date in london",1
"74","dating us actress",1
"75","defend over statement",1
"76","delighted over new",1
"77","diana footsteps girl",1
"78","dogs and a",1
"79","don't blame us",1
"80","duke of cambridge",1
"81","during her low",1
"82","e to on",1
"83","each other around",1
"84","ecretly dating us",1
"85","enchanting photographs of",1
"86","enchanting photos of",1
"87","endured from trolls",1
"88","essay on racism",1
"89","every fairytale needs",1
"90","fabulously during her",1
"91","facing racism since",1
"92","fairytale and every",1
"93","fairytale needs a",1
"94","family say royals",1
"95","family share enchanting",1
"96","family share their",1
"97","family snaps show",1
"98","first pictures of",1
"99","focus less on",1
"100","following in diana",1
"101","footsteps girl is",1
"102","for e to",1
"103","for their next",1
"104","found love at",1
"105","found romance with",1
"106","found themselves close",1
"107","friends and family",1
"108","fully supportive of",1
"109","girl who would",1
"110","given special gift",1
"111","glamour with third",1
"112","glass ceilings rather",1
"113","glass of wine",1
"114","glass slippers and",1
"115","got on fabulously",1
"116","grandparents couldn't uselection",1
"117","grandson romance with",1
"118","great grandparents couldn't",1
"119","grow up to",1
"120","guide to holiday",1
"121","has been subject",1
"122","has found love",1
"123","have been a",1
"124","have found themselves",1
"125","having glass slippers",1
"126","heart family share",1
"127","her er days",1
"128","her grandson romance",1
"129","her great grandparents",1
"130","her in her",1
"131","her low key",1
"132","her relationship with",1
"133","hollywood glamour with",1
"134","how and new",1
"135","how the of",1
"136","in diana footsteps",1
"137","in her er",1
"138","in love in",1
"139","in the first",1
"140","in to defend",1
"141","inspiring poverty stricken",1
"142","is besotted with",1
"143","is fully supportive",1
"144","is inspiring poverty",1
"145","is like a",1
"146","is not amused",1
"147","it polished sense",1
"148","it was also",1
"149","keep your toes",1
"150","keeps mind and",1
"151","key london stay",1
"152","kiss under the",1
"153","lady who lunches",1
"154","last is besotted",1
"155","less on glass",1
"156","like a fairytale",1
"157","little girl who",1
"158","little ss family",1
"159","look totally in",1
"160","love at last",1
"161","love have found",1
"162","love in the",1
"163","low key london",1
"164","lucky to have",1
"165","may have been",1
"166","mindless tv snuggling",1
"167","mistletoe as they're",1
"168","more on pushing",1
"169","my dogs and",1
"170","needs a ss",1
"171","never wanted to",1
"172","new found romance",1
"173","new love have",1
"174","next president because",1
"175","not amused palace",1
"176","of abuse and",1
"177","of cambridge approved",1
"178","of cambridge can",1
"179","of cambridge said",1
"180","of her grandson",1
"181","of her in",1
"182","of style that",1
"183","of the actress",1
"184","of them together",1
"185","of wine reveals",1
"186","old plays with",1
"187","on a romantic",1
"188","on and don't",1
"189","on and may",1
"190","on fabulously during",1
"191","on glass slippers",1
"192","on how she",1
"193","on pushing through",1
"194","on racism she",1
"195","on visit to",1
"196","one is not",1
"197","opens up about",1
"198","other around the",1
"199","over her boyfriend",1
"200","over new found",1
"201","palace backs statement",1
"202","pays adorable trienough",1
"203","pens essay on",1
"204","photographs of the",1
"205","photos of her",1
"206","pictured on a",1
"207","pictures of them",1
"208","plays with her",1
"209","plea to trolls",1
"210","polished sense of",1
"211","practical boots to",1
"212","praised for statement",1
"213","president because her",1
"214","pushing through glass",1
"215","queen is fully",1
"216","racism she endured",1
"217","racism since she",1
"218","rather than having",1
"219","relationship with is",1
"220","romantic date in",1
"221","royal is besotted",1
"222","royals would be",1
"223","said to be",1
"224","say royals would",1
"225","says her relationship",1
"226","says she wants",1
"227","sense of style",1
"228","share enchanting photographs",1
"229","share their enchanting",1
"230","shares a guide",1
"231","she endured from",1
"232","she keeps mind",1
"233","she never wanted",1
"234","she started dating",1
"235","she wants to",1
"236","show la childhood",1
"237","since she started",1
"238","slippers and more",1
"239","smash glass ceilings",1
"240","snaps show la",1
"241","snuggling with my",1
"242","ss family snaps",1
"243","statement on and",1
"244","steal a heart",1
"245","steps in to",1
"246","struggles to balance",1
"247","style practical boots",1
"248","style that won",1
"249","subject to a",1
"250","supportive of her",1
"251","surprise it was",1
"252","tabloids on and",1
"253","than having glass",1
"254","that won over",1
"255","the duke of",1
"256","the first pictures",1
"257","the little girl",1
"258","the mistletoe as",1
"259","the of cambridge",1
"260","the royal is",1
"261","their enchanting photos",1
"262","their next president",1
"263","themselves close to",1
"264","they're given special",1
"265","third world reality",1
"266","through glass ceilings",1
"267","to a wave",1
"268","to aids charity",1
"269","to balance hollywood",1
"270","to be a",1
"271","to be delighted",1
"272","to defend over",1
"273","to each other",1
"274","to focus less",1
"275","to have her",1
"276","to holiday tips",1
"277","to keep your",1
"278","to kiss under",1
"279","to leave alone",1
"280","to on visit",1
"281","to smash glass",1
"282","to steal a",1
"283","to trolls to",1
"284","to vote for",1
"285","toasty this winter",1
"286","toes toasty this",1
"287","totally in love",1
"288","trienough for e",1
"289","trolls to leave",1
"290","tv snuggling with",1
"291","under the mistletoe",1
"292","up about facing",1
"293","up to steal",1
"294","urges americans to",1
"295","us actress and",1
"296","us actress has",1
"297","visit to aids",1
"298","vote for their",1
"299","wanted to be",1
"300","wants to focus",1
"301","wants to smash",1
"302","was also a",1
"303","was it polished",1
"304","wave of abuse",1
"305","who would grow",1
"306","why she never",1
"307","william got on",1
"308","william steps in",1
"309","wine reveals how",1
"310","with her nephew",1
"311","with is like",1
"312","with my dogs",1
"313","with suits actress",1
"314","with third world",1
"315","won over her",1
"316","would be lucky",1
"317","would grow up",1
"318","year old plays",1
"319","your toes toasty",1
