"","word1","word2","n"
"1","princess","diana",6
"2","world","vision",6
"3","christmas","tree",5
"4","drama","suits",5
"5","personal","trips",5
"6","actively","discouraged",4
"7","brother","thomas",4
"8","hot","headed",4
"9","miss","macklin",4
"10","screen","boyfriend",4
"11","1,700","mile",3
"12","african","children",3
"13","california","born",3
"14","christmas","lunch",3
"15","close","family",3
"16","curious","incident",3
"17","dater","handbook",3
"18","extended","family",3
"19","father","thomas",3
"20","festive","season",3
"21","half","brother",3
"22","heathrow","airport",3
"23","jonathan","scarfe",3
"24","legal","drama",3
"25","los","angeles",3
"26","love","life",3
"27","loving","relationship",3
"28","mile","detour",3
"29","mother","diana",3
"30","night","time",3
"31","official","tour",3
"32","passionate","clinch",3
"33","pre","christmas",3
"34","public","purse",3
"35","royal","duty",3
"36","social","media",3
"37","spend","christmas",3
"38","told","mailonline",3
"39","wallis","simpson",3
"40","1,650","children",2
"41","15","day",2
"42","2004","investigation",2
"43","actor","jonathan",2
"44","aides","maintained",2
"45","air","miles",2
"46","airline","staff",2
"47","airport","personally",2
"48","airways","flight",2
"49","altered","plans",2
"50","american","divorcee",2
"51","american","legal",2
"52","animal","lover",2
"53","ann","macklin",2
"54","annual","christmas",2
"55","annual","pre",2
"56","audit","office",2
"57","avoid","confusion",2
"58","black","slip",2
"59","boar","terminator",2
"60","british","airways",2
"61","british","monarchy",2
"62","canadian","taxpayers",2
"63","capacity","permits",2
"64","cassandra","barber",2
"65","cecile","explained",2
"66","celebrity","status",2
"67","charity","event",2
"68","children","george",2
"69","clean","water",2
"70","combining","official",2
"71","combining","private",2
"72","commercial","flight",2
"73","commonwealth","realm",2
"74","confusion","combining",2
"75","costs","incurred",2
"76","dater","hanbook",2
"77","dating","miss",2
"78","daughter","noelle",2
"79","david","gandy",2
"80","day","tour",2
"81","deeply","disappointed",2
"82","deeply","unhappy",2
"83","doria","ragland",2
"84","dr","susie",2
"85","duty","beckoned",2
"86","essay","addressing",2
"87","excessive","foreign",2
"88","extra","flights",2
"89","family’s","privacy",2
"90","festive","getaway",2
"91","fiercely","protective",2
"92","films","american",2
"93","flight","funded",2
"94","foreign","travel",2
"95","friends","join",2
"96","future","king",2
"97","guidance","royals",2
"98","half","sister",2
"99","happy","person",2
"100","hour","drive",2
"101","household","told",2
"102","hunting","trip",2
"103","invictus","games",2
"104","jane","told",2
"105","joined","pals",2
"106","late","mother",2
"107","leave","aides",2
"108","local","authorities",2
"109","london","wither",2
"110","macklin","27",2
"111","media","trolls",2
"112","met","privately",2
"113","miles","andy",2
"114","mix","personal",2
"115","model","sarah",2
"116","mountain","gorillas",2
"117","ms","dooley",2
"118","national","audit",2
"119","newly","unearthed",2
"120","nickname","air",2
"121","occasion","mix",2
"122","occasionally","friends",2
"123","oettingen","castle",2
"124","official","engagements",2
"125","official","travel",2
"126","photographs","claiming",2
"127","plays","cassandra",2
"128","police","protection",2
"129","pre","festive",2
"130","previously","stated",2
"131","private","life",2
"132","private","travel",2
"133","protection","officers",2
"134","public","engagements",2
"135","public","statements",2
"136","queen","annual",2
"137","ragland","60",2
"138","realm","local",2
"139","relationship","mailonline",2
"140","return","home",2
"141","romance","broke",2
"142","royal","household",2
"143","royal","joined",2
"144","royal","row",2
"145","royal","seal",2
"146","royal","wedding",2
"147","samantha","grant",2
"148","sarah","ann",2
"149","scott","rasmussen",2
"150","secretly","dated",2
"151","security","officers",2
"152","senior","royals",2
"153","shooting","party",2
"154","situation","costs",2
"155","skimpy","black",2
"156","source","claimed",2
"157","spending","time",2
"158","staff","prior",2
"159","statement","defending",2
"160","sunday","morning",2
"161","thomas","jr",2
"162","time","vegan",2
"163","toronto","home",2
"164","toronto","wearing",2
"165","uncle","andrew",2
"166","unearthed","footage",2
"167","union","jack",2
"168","waiting","car",2
"169","wild","boar",2
"170","william","spoke",2
"171","wither","boyfriend",2
"172","yesterday","afternoon",2
"173","yoga","teacher",2
"174","1994","genocide",1
"175","1994","wearing",1
"176","2003","divorce",1
"177","2012","describing",1
"178","2012","wearing",1
"179","2015","grant",1
"180","2017","invictus",1
"181","32","met",1
"182","4.25pm","air",1
"183","45","minute",1
"184","50","strong",1
"185","51","recalled",1
"186","6.30pm","british",1
"187","600,000","people",1
"188","absolute","world",1
"189","absolutely","besotted",1
"190","absolutely","understands",1
"191","accounts","manager",1
"192","accurately","reflect",1
"193","actor","wendell",1
"194","added","he’s",1
"195","added","ince",1
"196","added","she’s",1
"197","addressing","social",1
"198","adelsheim","von",1
"199","adopting","shelter",1
"200","advocates","adopting",1
"201","african","american",1
"202","african","nation",1
"203","aged","25",1
"204","aged","72",1
"205","agency","select",1
"206","aids","epidemic",1
"207","aids","stricken",1
"208","ailing","love",1
"209","air","canada",1
"210","albrecht","zu",1
"211","albuquerque","home",1
"212","alexander","gilkes",1
"213","america","mergan",1
"214","american","gossip",1
"215","american","i.e",1
"216","american","tv",1
"217","american","website",1
"218","american","woman",1
"219","amid","rumours",1
"220","angeles","county",1
"221","angeles","ms",1
"222","angry","statement",1
"223","animal","rescue",1
"224","animal","shelter",1
"225","annual","icap",1
"226","apache","helicopter",1
"227","apartment","yesterday",1
"228","apparently","chose",1
"229","apparently","decided",1
"230","apparently","equally",1
"231","appearing","online",1
"232","aristocrat","dubbed",1
"233","arrived","bleary",1
"234","article","comments",1
"235","ashleigh","31",1
"236","attacked","classy",1
"237","aunt","jane",1
"238","aunt","thomas",1
"239","avoids","skimpy",1
"240","baby","girl",1
"241","bad","attitude",1
"242","bad","news",1
"243","bad","public",1
"244","balboa","park",1
"245","bananas","bright",1
"246","banned","divorcees",1
"247","barefoot","children",1
"248","barely","covered",1
"249","barely","drinks",1
"250","barley","field",1
"251","baseball","cap",1
"252","based","suits",1
"253","baskets","bowls",1
"254","beaming","smile",1
"255","beanie","hat",1
"256","bearing","clean",1
"257","beau","slammed",1
"258","bedroom","scene",1
"259","beloved","celebrities",1
"260","bench","softly",1
"261","besotted","leaves",1
"262","besotted","royal",1
"263","besotted","we’ve",1
"264","bicycles","transporting",1
"265","black","actor",1
"266","black","oversized",1
"267","bleary","eyed",1
"268","blessing","remarried",1
"269","blind","casting",1
"270","bloody","shoot",1
"271","bloody","weekend",1
"272","boar","deer",1
"273","boar","shooting",1
"274","bobby","lucero",1
"275","born","divorcee",1
"276","born","left",1
"277","born","samantha",1
"278","born","uits",1
"279","boxing","day",1
"280","boyfriend","david",1
"281","boyfriend","mike",1
"282","boyfriend","played",1
"283","brands","including",1
"284","breached","protocol",1
"285","brick","home",1
"286","bright","yellow",1
"287","brighter","future",1
"288","british","capital",1
"289","british","heir",1
"290","british","royal",1
"291","british","throne",1
"292","broke","barely",1
"293","broke","cover",1
"294","broke","royal",1
"295","broken","bicycle",1
"296","brother","decision",1
"297","brother","george",1
"298","brother","hot",1
"299","brother","tom",1
"300","brother","tyler",1
"301","brother’s","decision",1
"302","brown","jumper",1
"303","brunette","woman",1
"304","budding","relationship",1
"305","bugesera","district",1
"306","built","wooden",1
"307","burberry","abercrombie",1
"308","burberry","model",1
"309","burberyy","model",1
"310","butler","paul",1
"311","california","flashing",1
"312","california","provide",1
"313","californian","born",1
"314","called","royal",1
"315","called","thomas",1
"316","cambridge","absolutely",1
"317","camilla","parker",1
"318","canada","flight",1
"319","canadian","charity",1
"320","canadian","city",1
"321","canadian","media",1
"322","capital","kigali",1
"323","captain","peter",1
"324","car","crash",1
"325","car","park",1
"326","carefully","hand",1
"327","carry","baskets",1
"328","carry","hoes",1
"329","cassandra","barbara",1
"330","cast","black",1
"331","castle","earlier",1
"332","catch","eye",1
"333","cecile","15",1
"334","cecile","mugwaneza",1
"335","cecile","spoke",1
"336","cecile","told",1
"337","celebrate","christmas",1
"338","celebrate","festive",1
"339","changed","lives",1
"340","changed","plans",1
"341","changing","lives",1
"342","character","rachel",1
"343","charitable","foundation",1
"344","charities","including",1
"345","charity","day",1
"346","charity","engagement",1
"347","charity","provided",1
"348","charity","world",1
"349","cheryl","57",1
"350","chicken","blokes",1
"351","chickens","pecked",1
"352","childhood","photo",1
"353","children","affected",1
"354","children","ashleigh",1
"355","children","shared",1
"356","children","wave",1
"357","choir","formed",1
"358","choirmaster","gareth",1
"359","christian","marriage",1
"360","christmas","day",1
"361","christmas","meeting",1
"362","christmas","party",1
"363","christmas","plans",1
"364","christmas","service",1
"365","christopher","hale",1
"366","church","teaching",1
"367","circumspect","knowing",1
"368","class","shooting",1
"369","clean","living",1
"370","cleopatra","von",1
"371","close","living",1
"372","clothing","line",1
"373","clothing","tips",1
"374","colour","blind",1
"375","comfy","black",1
"376","commentators","sources",1
"377","comments","echo",1
"378","common","designer",1
"379","confident","woman",1
"380","confirmed","rasmussen",1
"381","constitutional","duty",1
"382","continuing","diana",1
"383","corps","veteran",1
"384","couldn’t","bear",1
"385","couldn’t","wait",1
"386","countless","english",1
"387","countless","hills",1
"388","country","retreat",1
"389","couple","relationship",1
"390","couple","spent",1
"391","cousins","played",1
"392","cover","yesterday",1
"393","crash","involving",1
"394","cream","beanie",1
"395","cricket","match",1
"396","crippling","poverty",1
"397","crocodile","infested",1
"398","crossing","crocodile",1
"399","cultural","nation",1
"400","current","monarch",1
"401","current","queen",1
"402","dad","black",1
"403","dad","divorced",1
"404","daily","life",1
"405","daily","struggle",1
"406","damn","sharpish",1
"407","dashingly","handsome",1
"408","dated","english",1
"409","daughter","elizabeth",1
"410","david","bowie",1
"411","day","catch",1
"412","day","shoot",1
"413","days","ago",1
"414","deceased","sister",1
"415","december","2011",1
"416","defending","miss",1
"417","delicious","irony",1
"418","delight","thomas",1
"419","demanded","money",1
"420","designer","misha",1
"421","devastating","blow",1
"422","development","agency",1
"423","diana","dubbed",1
"424","diana","legacy",1
"425","diana","ss",1
"426","difficult","life",1
"427","difficult","position",1
"428","dirt","courtyard",1
"429","dirt","tracks",1
"430","dirty","water",1
"431","dislike","hunting",1
"432","distant","relations",1
"433","diverted","straight",1
"434","divorce","grant",1
"435","divorced","diana",1
"436","divorced","rasmussen",1
"437","divorced","status",1
"438","divorcee","named",1
"439","doesn’t","feel",1
"440","dog","guy",1
"441","donald","trump",1
"442","dooley","51",1
"443","dooley","speaking",1
"444","doubt","feeling",1
"445","draw","drinking",1
"446","drinking","water",1
"447","drop","subtle",1
"448","dull","english",1
"449","earpieces","patrolled",1
"450","east","african",1
"451","easy","charm",1
"452","edward","died",1
"453","edward","vii",1
"454","edward","viii",1
"455","elder","children",1
"456","elder","daughter",1
"457","elder","understood",1
"458","eldest","son",1
"459","elizabeth","eldest",1
"460","elizabeth","ii",1
"461","elle","magazine",1
"462","elle","uk",1
"463","emotional","statement",1
"464","emotional","tirade",1
"465","enchanting","photographs",1
"466","engagement","chatter",1
"467","english","country",1
"468","english","fashion",1
"469","english","gals",1
"470","english","model",1
"471","english","roses",1
"472","enjoyed","gates",1
"473","equally","charmed",1
"474","esquire","magazine",1
"475","europe","splintering",1
"476","evaluate","potential",1
"477","eventually","fizzled",1
"478","exclusive","pictures",1
"479","exit","besotted",1
"480","experience","mountain",1
"481","expert","dr",1
"482","explicitly","told",1
"483","fake","photographs",1
"484","fallen","madly",1
"485","family","aired",1
"486","family","crippling",1
"487","family","rift",1
"488","family","share",1
"489","family’s","sadness",1
"490","famous","male",1
"491","farmer","father",1
"492","farming","family",1
"493","fashion","model",1
"494","father","didace",1
"495","father","tom",1
"496","father's","elder",1
"497","fear","singing",1
"498","feed","ducks",1
"499","feels","lucky",1
"500","fellow","actor",1
"501","festive","clothing",1
"502","festive","period",1
"503","film","industry",1
"504","film","producer",1
"505","firm","called",1
"506","flights","taxpayers",1
"507","florence","12",1
"508","fly","directly",1
"509","focused","thoughtful",1
"510","forest","killing",1
"511","franz","albrecht",1
"512","fraught","relationship",1
"513","french","magazine",1
"514","friend","alexander",1
"515","friend","confirmed",1
"516","friend","franz",1
"517","friend","told",1
"518","friendly","terms",1
"519","friends","gathered",1
"520","friends","revealed",1
"521","fuel","public",1
"522","fuel","speculation",1
"523","fun","loving",1
"524","fun","ready",1
"525","funny","reminder",1
"526","furious","lucero",1
"527","fury","80",1
"528","gal","bares",1
"529","games","told",1
"530","gareth","malone",1
"531","garish","outfits",1
"532","gene","wilder",1
"533","genocide","scarred",1
"534","genuinely","talented",1
"535","george","gitau",1
"536","george","jonathan",1
"537","george","vi",1
"538","german","film",1
"539","gielgud","theatre",1
"540","gifted","schoolgirl",1
"541","girl","inspired",1
"542","girl","told",1
"543","girlfriend's","apartment",1
"544","girlfriend's","sad",1
"545","gitau","national",1
"546","glamorous","life",1
"547","global","admiration",1
"548","gloriously","multi",1
"549","god","forbid",1
"550","gold","necklace",1
"551","gossip","website",1
"552","grandson","relationship",1
"553","grandson","romance",1
"554","grandson's","relationship",1
"555","grant","52",1
"556","grant","dailymail.com",1
"557","grant","initially",1
"558","grant","lodged",1
"559","grant's","comments",1
"560","grant's","mother",1
"561","greek","island",1
"562","green","bananas",1
"563","green","parka",1
"564","grotesque","invasion",1
"565","grow","sweet",1
"566","grow","vegetables",1
"567","grown","close",1
"568","gun","violence",1
"569","gut","reaction",1
"570","guy","cassandra",1
"571","guy","dressed",1
"572","guyana","kaieteur",1
"573","guyana","scheduled",1
"574","hale","30",1
"575","half","siblings",1
"576","hand","built",1
"577","hand","picked",1
"578","hands","caked",1
"579","handsome","actor",1
"580","handsome","pilot",1
"581","happy","it’s",1
"582","harsh","reality",1
"583","hasty","exit",1
"584","he’s","chicken",1
"585","he’s","delighted",1
"586","head","home",1
"587","head","ran",1
"588","headed","brother",1
"589","headed","officially",1
"590","headed","public",1
"591","headline","topless",1
"592","heads","barefoot",1
"593","heart","family",1
"594","helped","african",1
"595","helped","build",1
"596","helping","african",1
"597","helps","600,000",1
"598","hippopotamus","infested",1
"599","hit","play",1
"600","hiv","aids",1
"601","hoes","machetes",1
"602","home","arriving",1
"603","home","chickens",1
"604","honest","essay",1
"605","hottie","secretly",1
"606","hugely","popular",1
"607","hunt","wild",1
"608","husband","film",1
"609","husband","scott",1
"610","icap","charity",1
"611","images","claiming",1
"612","imperfect","divorcee",1
"613","imploding","europe",1
"614","impoverished","schoolchildren",1
"615","improving","lives",1
"616","including","burberry",1
"617","indissoluble","margaret",1
"618","infant","cousins",1
"619","infested","river",1
"620","infested","rivers",1
"621","initially","won",1
"622","injury","claim",1
"623","inside","miss",1
"624","insider","told",1
"625","instagram","photo",1
"626","instructed","security",1
"627","instructive","videos",1
"628","isis","horrifying",1
"629","issued","statement",1
"630","italian","magazine",1
"631","itv","documentary",1
"632","jack","printed",1
"633","jack","themed",1
"634","jealous","reaction",1
"635","jnr","50",1
"636","joined","william",1
"637","jr's","lap",1
"638","july","2015",1
"639","kaieteur","falls",1
"640","kate","middleton",1
"641","key","weekend",1
"642","kigali","meaning",1
"643","kissing","fellow",1
"644","kitchen","roll",1
"645","kristoffer","polaha",1
"646","lace","bra",1
"647","laden","trolley",1
"648","lake","balboa",1
"649","land","cecile",1
"650","lasting","impression",1
"651","late","dinner",1
"652","law","tracy",1
"653","lay","dying",1
"654","leading","agency",1
"655","leaked","online",1
"656","leaked","photo",1
"657","leaves","girlfriend",1
"658","left","feeling",1
"659","left","london",1
"660","left","outraged",1
"661","legal","documents",1
"662","legal","religious",1
"663","legal","shoots",1
"664","legal","tv",1
"665","life","it’s",1
"666","life","shifts",1
"667","line","told",1
"668","lived","life",1
"669","living","yards",1
"670","local","london",1
"671","locking","lips",1
"672","locks","lips",1
"673","london","arriving",1
"674","london","attended",1
"675","london","pub",1
"676","london","west",1
"677","lookalike","brunette",1
"678","lose","contact",1
"679","love","struck",1
"680","loved","playing",1
"681","loving","based",1
"682","loving","robert",1
"683","low","key",1
"684","macklin","brought",1
"685","magazine","printed",1
"686","male","figure",1
"687","male","model",1
"688","maligned","institution",1
"689","manager","ms",1
"690","marine","corps",1
"691","markus","anderson",1
"692","marriage","involving",1
"693","married","yoga",1
"694","matching","beanies",1
"695","matthew","williamson",1
"696","mbandazi","village",1
"697","meaning","pupils",1
"698","medford","oregon",1
"699","media","game",1
"700","media","instructed",1
"701","media","users",1
"702","men's","oversized",1
"703","mention","depending",1
"704","mike","ross",1
"705","millions","secure",1
"706","mini","break",1
"707","minute","invite",1
"708","minute","walk",1
"709","misha","nonoo",1
"710","miss","broke",1
"711","miss","confirmed",1
"712","miss","enjoyed",1
"713","miss","offered",1
"714","miss","privacy",1
"715","miss","representatives",1
"716","mixed","race",1
"717","mixing","official",1
"718","model","management",1
"719","modern","royal",1
"720","monday","night",1
"721","moody","teenager",1
"722","morgan","marrying",1
"723","mother","doria",1
"724","mother","princess",1
"725","mother","warned",1
"726","ms","returned",1
"727","ms","safety",1
"728","mud","brick",1
"729","mud","cecile",1
"730","muhammad","ali",1
"731","multi","cultural",1
"732","multiple","sclerosis",1
"733","naïve","19",1
"734","named","wallis",1
"735","national","director",1
"736","national","exams",1
"737","natural","warmth",1
"738","nephew","thomas",1
"739","newspaper","understands",1
"740","nice","pictures",1
"741","nicest","person",1
"742","niece","noelle",1
"743","night","refused",1
"744","nights","holed",1
"745","noelle","loves",1
"746","norfolk","estate",1
"747","oettingen","spielberg",1
"748","official","appearance",1
"749","official","engagement",1
"750","official","royal",1
"751","officially","confirmed",1
"752","officials","previously",1
"753","online","bullies",1
"754","online","commentators",1
"755","online","explicitly",1
"756","online","trolls",1
"757","option","left",1
"758","outdoor","pursuits",1
"759","outright","sexism",1
"760","overnight","flight",1
"761","oversized","brown",1
"762","oversized","coat",1
"763","oversized","shirt",1
"764","overt","betrayal",1
"765","palace","source",1
"766","paparazzi","photographers",1
"767","paparazzi","shot",1
"768","parents","carry",1
"769","parka","jacket",1
"770","parker","bowles",1
"771","partner","status",1
"772","party","hosted",1
"773","passionate","snog",1
"774","paul","burrell",1
"775","pencil","skirts",1
"776","people","achieve",1
"777","people","feeling",1
"778","people","ss",1
"779","people","supporting",1
"780","perched","atop",1
"781","perfect","ss",1
"782","personal","injury",1
"783","personal","life",1
"784","personal","lives",1
"785","personal","relationships",1
"786","personalised","gold",1
"787","personally","dropped",1
"788","pet","guy",1
"789","peter","townsend",1
"790","photo","recalled",1
"791","photo","shoot",1
"792","photographed","perched",1
"793","photographed","sneaking",1
"794","photographers","amid",1
"795","pictured","locking",1
"796","pictured","supermarket",1
"797","pictures","radar",1
"798","pictures","released",1
"799","piers","morgan",1
"800","pizza","restaurant",1
"801","plant","fence",1
"802","playing","dress",1
"803","polo","loving",1
"804","poor","farming",1
"805","poor","rwandan",1
"806","posh","polo",1
"807","positive","change",1
"808","possessing","world",1
"809","postmedia","news",1
"810","potato","cabbage",1
"811","potential","queen",1
"812","potential","suitors",1
"813","poverty","stricken",1
"814","powder","dry",1
"815","powerful","essay",1
"816","practising","calligraphy",1
"817","predictably","nuts",1
"818","preferred","royal",1
"819","pretty","damn",1
"820","prevent","marrying",1
"821","previous","unprecedented",1
"822","previously","admitted",1
"823","previously","briefed",1
"824","printed","coat",1
"825","private","party",1
"826","privileged","life",1
"827","privileged","western",1
"828","producer","trevor",1
"829","programme","due",1
"830","proper","job",1
"831","protected","species",1
"832","public","light",1
"833","public","plea",1
"834","public","statement",1
"835","published","online",1
"836","published","pictures",1
"837","pups","bogart",1
"838","pursued","litigation",1
"839","queen","blessing",1
"840","queen","elizabeth",1
"841","queen","norfolk",1
"842","queen","threatens",1
"843","queen","worthy",1
"844","queen","yesterday",1
"845","question","pretty",1
"846","quick","hunting",1
"847","quick","succession",1
"848","race","issues",1
"849","race","parents",1
"850","rachel","zane",1
"851","racy","bedroom",1
"852","racy","photo",1
"853","radar","online",1
"854","radiant","personality",1
"855","radio","times",1
"856","rasmussen","57",1
"857","rasmussen","failed",1
"858","rasmussen","grant's",1
"859","real","chance",1
"860","real","difference",1
"861","real","upset",1
"862","reason","legal",1
"863","reassuring","joy",1
"864","reassuring","tonic",1
"865","recalled","urging",1
"866","recently","grant",1
"867","recently","launched",1
"868","recently","travelled",1
"869","recorded","instructive",1
"870","recurring","habit",1
"871","red","carpets",1
"872","refugee","camps",1
"873","refugees","suffering",1
"874","relationship","expert",1
"875","relationship","leads",1
"876","reliable","dose",1
"877","reliable","george",1
"878","religious","moral",1
"879","remarried","camilla",1
"880","remote","bugesera",1
"881","repeatedly","criticized",1
"882","reported","yesterday",1
"883","reporter","tom",1
"884","rescue","enthusiast",1
"885","respected","armorer",1
"886","restaurant","boss",1
"887","return","immediately",1
"888","returning","immediately",1
"889","revealing","glimpse",1
"890","rift","appeared",1
"891","robert","kristoffer",1
"892","romancing","miss",1
"893","romantic","week",1
"894","roslyn","71",1
"895","roslyn","added",1
"896","row","erupts",1
"897","royal","32",1
"898","royal","babies",1
"899","royal","boyfriend",1
"900","royal","collected",1
"901","royal","fling",1
"902","royal","marriages",1
"903","royal","officials",1
"904","royal","partner",1
"905","royal","protocol",1
"906","royal","reporter",1
"907","royal","romance",1
"908","royal","sources",1
"909","royal","tradition",1
"910","royal","wife",1
"911","rumours","naturally",1
"912","running","wild",1
"913","rural","school",1
"914","rwanda","countless",1
"915","rwanda","told",1
"916","rwandan","youngsters",1
"917","sad","family",1
"918","sad","rift",1
"919","samantha","distanced",1
"920","samantha","samantha",1
"921","samantha's","mom",1
"922","sandringham","estate",1
"923","sandringham","norfolk",1
"924","scarred","east",1
"925","schoolgirl","calls",1
"926","screen","father",1
"927","screen","love",1
"928","screen","lover",1
"929","secondary","school",1
"930","secure","pictures",1
"931","security","guards",1
"932","security","staff",1
"933","security","truck",1
"934","seeds","infant",1
"935","select","model",1
"936","service","attended",1
"937","sex","scenes",1
"938","sexiness","factor",1
"939","shameless","gal",1
"940","shared","single",1
"941","she’s","delighted",1
"942","shelter","dogs",1
"943","shooting","skills",1
"944","shot","dead",1
"945","sibling's","attacked",1
"946","significant","curiosity",1
"947","simultaneously","campaigning",1
"948","single","marriage",1
"949","single","toilet",1
"950","sister","revealed",1
"951","sister","samantha",1
"952","skimpy","clothes",1
"953","skimpy","negligee",1
"954","slammed","trolls",1
"955","smart","focused",1
"956","snowy","forest",1
"957","social","climber",1
"958","social","gathering",1
"959","soft","hair",1
"960","softly","spoken",1
"961","son","bobby",1
"962","son","charles",1
"963","son","thomas",1
"964","source","close",1
"965","source","told",1
"966","sources","claim",1
"967","southern","african",1
"968","speak","critically",1
"969","speak","english",1
"970","speaking","exclusively",1
"971","specifically","enter",1
"972","spending","christmas",1
"973","spent","christmas",1
"974","spent","sunday",1
"975","spielberg","wed",1
"976","splintering","refugees",1
"977","spoke","family",1
"978","spoke","volumes",1
"979","spoken","cecile",1
"980","spokesman","added",1
"981","spokesperson","added",1
"982","spotted","buying",1
"983","spotted","wearing",1
"984","spunky","american",1
"985","ss","charlotte",1
"986","ss","margaret",1
"987","ss","material",1
"988","st","lucia",1
"989","star","charity",1
"990","statement","announcing",1
"991","statement","calling",1
"992","statement","offered",1
"993","statement","released",1
"994","statement","telling",1
"995","steal","heart",1
"996","steamy","leaked",1
"997","steamy","scene",1
"998","stricken","southern",1
"999","strong","roots",1
"1000","strongly","disagrees",1
"1001","strongly","worded",1
"1002","stunning","english",1
"1003","subtle","hints",1
"1004","subtly","decorated",1
"1005","suffering","isis",1
"1006","suits","character",1
"1007","suits","decision",1
"1008","suits","outfits",1
"1009","suits","sex",1
"1010","suits","star",1
"1011","sunbathing","topless",1
"1012","sunday","ms",1
"1013","sunday","night",1
"1014","sunday","recalled",1
"1015","supermarket","shopping",1
"1016","supports","orphans",1
"1017","susie","book",1
"1018","sweet","potato",1
"1019","swept","dirt",1
"1020","switched","flight",1
"1021","syria","imploding",1
"1022","ta","ta",1
"1023","taking","advantage",1
"1024","tale","grant",1
"1025","talk","openly",1
"1026","talks","candidly",1
"1027","tap","bearing",1
"1028","tarmac","road",1
"1029","teacher","doria",1
"1030","television","drama",1
"1031","television","productions",1
"1032","term","projects",1
"1033","terrify","intimidate",1
"1034","themed","coat",1
"1035","thick","skin",1
"1036","thomas","50",1
"1037","thomas","jnr",1
"1038","thomas","jr's",1
"1039","thomas","snr",1
"1040","thomas","told",1
"1041","thoughtful","feisty",1
"1042","time","yesterday",1
"1043","toe","sequin",1
"1044","told","postmedia",1
"1045","tolerant","society",1
"1046","tom","bradby",1
"1047","topless","photographs",1
"1048","topless","shameless",1
"1049","toronto","airport",1
"1050","toronto","apartment",1
"1051","toronto","arriving",1
"1052","toronto","based",1
"1053","touching","concern",1
"1054","tracks","crossing",1
"1055","tracy","dooley",1
"1056","traders","donate",1
"1057","traditional","boxing",1
"1058","traditionally","imperfect",1
"1059","transporting","hands",1
"1060","treating","women",1
"1061","trevor","engelson",1
"1062","trophy","hunting",1
"1063","trophy","royal",1
"1064","tuesday","afternoon",1
"1065","tumultuous","times",1
"1066","tv","drama",1
"1067","tv","legal",1
"1068","tv","movie",1
"1069","tv","star",1
"1070","uits","star",1
"1071","uk","magazine",1
"1072","ultimate","sign",1
"1073","ultimately","choose",1
"1074","uncle","edward",1
"1075","underwear","model",1
"1076","uneven","unmade",1
"1077","unmade","road",1
"1078","unprecedented","missive",1
"1079","unprecedented","public",1
"1080","unusual","step",1
"1081","urgent","request",1
"1082","urging","smile",1
"1083","users","pens",1
"1084","vehicle","sped",1
"1085","video","emerged",1
"1086","viii","abdicated",1
"1087","village","school",1
"1088","vision","canada",1
"1089","vision","rwanda",1
"1090","visited","london",1
"1091","von","adelsheim",1
"1092","von","ernest",1
"1093","wales","including",1
"1094","walk","past",1
"1095","war","zone",1
"1096","waste","time",1
"1097","water","buffalo",1
"1098","water","containers",1
"1099","web","article",1
"1100","website","published",1
"1101","wed","cleopatra",1
"1102","wedding","makes",1
"1103","week","tour",1
"1104","weekend","inside",1
"1105","wendell","pierce",1
"1106","western","world",1
"1107","wheelchair","bound",1
"1108","whirlwind","mini",1
"1109","whirlwind","trip",1
"1110","wide","grin",1
"1111","wife","cheryl",1
"1112","wife","roslyn",1
"1113","wild","partying",1
"1114","william","34",1
"1115","william","children",1
"1116","william","dismay",1
"1117","witness","rasmussen",1
"1118","woman","unlucky",1
"1119","won","custody",1
"1120","wooden","bench",1
"1121","wooing","american",1
"1122","worded","statement",1
"1123","wore","matching",1
"1124","world","class",1
"1125","world","media",1
"1126","wouldn’t","speak",1
"1127","wrong","type",1
"1128","yellow","water",1
"1129","yesterday","attending",1
"1130","yesterday","joined",1
"1131","yoga","class",1
"1132","yoga","loving",1
"1133","youngsters","due",1
"1134","youth","charity",1
"1135","zane","cosying",1
"1136","zane","family",1
"1137","zu","oettingen",1
"1138",NA,NA,1
