﻿The little girl who would grow up to steal   heart...   family share their enchanting photographs of the  in her younger days
Pictures of   reveal how different her life was growing up from her glamorous present 
Her family have revealed she 'will always be their ss' whether she marries   or not
The images show  as a 13-year-old in California flashing the smile that would catch  eye 
"Peering into the lens with a beaming smile, she is uncommonly at ease in front of the camera for a 13-year-old girl, and exudes the radiant personality which will one day catch the eye of a ."
These exclusive pictures of   as a child in California provide a revealing glimpse of how she grew up in circumstances far removed from her glamorous life today as the Hollywood  who has captured the heart of  .
"But for her family, she is still the same  – and whatever the future of her Royal romance, they pledge that ‘she will always be our ss’."
"The , now , who stars in legal TV drama Suits, has been to the UK four times in the last three months to see , 32, who is said to be ‘besotted’ with her."
"Last week, the pair were photographed together for the first time after seeing a West End play. "
"But back in 1994, wearing an oversized brown jumper and a wide grin, ’s thoughts were on practising calligraphy, a skill she would later use to supplement her income as an up-and-coming ."
"Her former sister-in-law Tracy Dooley, who took the photo, recalled urging, ‘Smile, !’"
"As some of the other pictures show, the young  was not always so pleased to be snapped."
"Glancing at the photo of  holding a bag of popcorn during a trip to feed ducks in Lake Balboa Park in Los Angeles, Ms Dooley, speaking exclusively to The Mail on Sunday, recalled: ‘That was a “paparazzi” shot."
"‘She was in the middle of feeding the ducks and she turned around. That’s why she has that face. It’s an, “Oh, yeah, another picture” face.’"
" looked even more glum in two other photos with her young nephew Thomas as a toddler and a baby, but according to Tracy – who now lives in Medford, Oregon – she was ‘always in good spirits and wasn’t a moody teenager’."
"Accounts manager Ms Dooley, 51, recalled how  ‘loved playing with the kids’ and would delight Thomas and his brother Tyler by tickling their faces with her ‘big soft hair, making them laugh and laugh’."
"‘She will always have a special place in our hearts,’ she added. ‘She will always be our ss.’"
"In one photograph, also taken in 1994,  is shown with her father, Thomas  Snr, now aged 72 and living in Mexico. His son, ’s half-brother Thomas Jnr, 50, was formerly married to Tracy."
The baby between  and her father is ’s nephew (also called Thomas). He is now aged 25 and a pizza restaurant boss.
"By the time these photos were taken, ’s father had already divorced her mother, Doria Ragland, 60, a yoga teacher."
"Recalling his aunt, Thomas told The Mail on Sunday: ‘She was always really caring about other people and affectionate. She grew up with really strong roots.’"
She delighted to see  in a loving relationship': The Queen is 'fully supportive' of her grandson romance with  
Sources claim that Her Majesty is 'fully supportive' of  new romance 
They add that the Queen is 'delighted' to see her grandson so happy 
  has been dating    for several months 
It appears that   is not the only royal that   has been able to win over.
The Queen is apparently equally charmed and is said to be 'fully supportive' of her grandson relationship with the .
"The , who has been dating Miss  for several months, is said to have received the royal seal of approval from his grandmother."
Speaking to US magazine a source claimed to be a ' insider' said that Her Majesty is 'fully supportive' of  romance.
They added: he’s delighted to see  in a loving relationship'. MailOnline has contacted the palace for a comment. 
"The  and the monarch are yet to be introduced and Miss , , will not be given the opportunity to meet the Queen over the festive period either."
It is understood she will not be accompanying  to Sandringham to spend Christmas with the Queen. 
 returned to Toronto for Christmas with her family on Tuesday after enjoying a week in London wither boyfriend . 
The pair went shopping for a Christmas tree and attended The Curious Incident Of The Dog In The Night Time at a West End Theatre. 
"However, royal duty beckoned for  this week, and  jetted back to Toronto where she is based to spend the festive season apart from her boyfriend."
"Only close family and occasionally friends join the senior royals at Sandringham, and it too soon in  romance with the Suits  for her to be invited by the Queen. "
"However,  made sure to drop her off at Heathrow airport personally on Sunday morning."
"The  was accompanied by airline staff prior to boarding her flight, while the  was flanked by five police protection officers."
"He will spend Christmas at the Queen Norfolk estate, but is expected to be reunited with his stunning  in the New Year. "
 is no doubt feeling a little deflated over the separation as he was looking somewhat glum on official royal duty on Tuesday.
"The  joined William and Kate at a Christmas party hosted by the youth charity The Mix in London, attended by representatives of their Heads Together campaign. "
Yesterday   joined the Duke and Duchess of Cambridge for the Queen annual pre-Christmas lunch this afternoon.
"The Queen annual pre-Christmas lunch is a royal tradition and allows her to catch up with more distant relations, who are not invited to join her at the Sandringham Estate in Norfolk on the 25th. "
 'very bloody' shoot while vegan  is away:  sneaks in hunting trip to Bavaria - with aristocrat dubbed The Boar Terminator - while  films in Canada 
California-born    is an animal-lover and part-time vegan
32-year-old royal joined pals at a shooting party at Oettingen Castle in Bavaria
", , was still in Toronto, where she films American legal drama Suits "
"new , California-born   , is both an animal-lover and part-time vegan."
So it’s perhaps no surprise that  took the opportunity to sneak in a quick hunting trip just days before the couple were reunited in London last week.
"I hear that the 32-year-old royal joined pals at a shooting party at Oettingen Castle in Bavaria last weekend, while , , was still in Toronto, where she films American legal drama Suits."
"  was among the 50-strong group who set out to hunt wild boar, deer and ‘just about anything you could point a gun at’, says one friend, who describes it as a ‘very bloody weekend’."
"  was a guest at the castle earlier this year to witness his friend  Franz Albrecht zu Oettingen-Spielberg wed Cleopatra von Adelsheim von Ernest, who, like , is also an ."
"Cleo, as she is known, has appeared in a handful of German film and television productions although she also happens to be a baroness."
Franz has been described as possessing ‘world-class’ shooting skills and was even nicknamed ‘The Boar Terminator’ after a video emerged which purported to show him in a snowy forest killing a number of running wild boar in quick succession.
He has also recorded instructive videos on boar shooting which are available online.
", by contrast, is an animal rescue enthusiast who advocates adopting shelter dogs."
"Her own two pups, Bogart and Guy, who she says ‘mean the absolute world to me’, were rescued from an animal shelter in LA. "
"‘My home of Los Angeles County puts down more dogs per capita than any other city in the U.S.,’ she explains. ‘So rescuing was a no-brainer.’"
"  learned to shoot as a child and by 12 was already joining his father, the  of Wales, on the traditional Boxing Day shoot near Sandringham."
In 2004 he was photographed perched atop a water buffalo he had shot dead during a hunt in Argentina.
"But if  disapproves of  ’s outdoor pursuits, she is not the only one."
"Princess Diana was reported to dislike hunting while, in recent years, both  and  William have been criticised for taking part in legal shoots while simultaneously campaigning against the trophy hunting of protected species such as rhinos and elephants."
"PIERS MORGAN:  marrying a spunky American divorcee would have sent the British  into fury 80 years ago. But if  can succeed where countless English gals have failed in making  settle down, they should make sure he weds her ASAP"
"It been a hell of a year, hasn't it?"
"Syria imploding, Europe splintering, refugees suffering, ISIS horrifying, and the deaths of so many beloved celebrities from Muhammad Ali and Gene Wilder to David Bowie and ."
"Not to mention, depending on your view of him, the ascent of Donald Trump to Most Powerful Man on Earth."
"All of which has left many people feeling generally unsettled, and in need of a reassuring tonic."
"Enter the British Monarchy, a much-maligned institution but one that often provides a reliable dose of reassuring joy and happiness just when the world"
needs it most.
"More specifically, enter   and his new ,   ."
"The couple were photographed together for the first time yesterday, attending the hit play, The Curious Incident of the Dog in the Night-Time, at the Gielgud Theatre in London West End."
They wore matching beanies and looked just like any other love-struck man and woman in the first flush of love.
"A few days ago, they bought a Christmas tree together and took it back to  home in ."
Surely the ultimate sign that this is a serious relationship?
"I mean, you don't buy a Christmas tree with someone you're flaky about, right?"
"So rumours, naturally, are ablaze that they may be about to announce their engagement."
To which I say: bring it on!
This is not just because I know Ms  – we met for drinks in my local London pub in the very week she first dated  back in June – and believe her to be perfect ss material.
"No, it because I think they're superbly well suited,  needs to settle down (if even half the stories I hear about his wild partying are true then this is an urgent request…), and frankly, we all need a royal wedding to take the edge of these tumultuous times."
Anyone who been watching The Crown on Netflix will appreciate the delicious irony of this situation.
  only No5 in line to the British throne by default – and it all thanks to an American woman about the same age as .
"Exactly 80 years ago this week, his great, great uncle Edward VIII abdicated as King because he fell in love with a US-born divorcee named Wallis Simpson."
"He could not marry her because of his position as head of the Church of England, which banned divorcees from remarrying in church if their ex spouses were still alive."
"Edward, therefore, had to choose between being King or being Wallis Simpson third husband, and sensationally, he chose the latter option."
"His successor was his younger brother George VI, who was then succeeded on his death in 1952 by his daughter Elizabeth, who became Queen Elizabeth II, the current Monarch."
"Elizabeth eldest son  Charles, her immediate heir, has two sons, s William and ."
"So if anything, God forbid, happens to Charles and William, and William children George and Charlotte, then  will be King."
"And if   is his wife, then, in that eventuality, she would become Queen."
Imagine that – an American divorcee becoming Queen of England!
"Yet, what a great thing that would be too."
"When their relationship was first revealed, the world media went predictably nuts and  issued an angry statement telling everyone to back off his girl."
"I understood his concern. After all, he lost his mother Diana to a car crash involving a chase with paparazzi."
He also been through s like a scythe through a barley field.
"Most of them the typical kind of posh, polo-loving, and dare I say rather dull English roses that are usually carefully hand-picked for preferred royal partner status."
  is a very different kettle of fish.
"When we drank in my pub, I found her to be a very smart, focused, thoughtful, feisty and confident woman."
"Ambitious about her career as an , yes. But there nothing wrong with that, and she genuinely talented as fans of her TV show Suits will know."
"More importantly, she seemed to have a real and touching concern for the future of the planet and its more impoverished and vulnerable members."
"We spoke about Rwanda, where she had recently travelled with the UN, about race issues, and about gun violence in America, which distresses her almost as much as it does me."
 was informed and strident in her opinions and determined to use her celebrity status make a real difference.
"She was also great fun, ready to laugh at both the absurdity of life and herself."
"I really, really liked her."
"So when I later heard she and  were dating, my gut reaction was: GREAT!"
And my reaction to all the engagement chatter is exactly the same.
There never been a better time for a British heir to the throne to choose a traditionally imperfect divorcee to marry.
We've come a very long way from the absurdity of Edward VII being forbidden to marry the love of his life.
"And a long way, too, from ss Margaret, the current Queen now deceased sister, being forbidden from marrying the love of HER life, the dashingly handsome pilot Group Captain Peter Townsend, because he too was divorced."
"Mindful of the Church teaching that Christian marriage is indissoluble,' Margaret said in her statement announcing the end of the relationship, 'and conscious of my duty to the Commonwealth, I have resolved to put these considerations before any others.'"
Many think she never really recovered from this devastating blow.
What a tragic and ridiculous state of affairs.
Thank God we've all moved on to a more tolerant society.
"Since news of  new romance broke, barely anyone has even suggested that  divorced status should be a barrier to marriage."
"And how could they given that his dad divorced Diana, and, with the Queen blessing, remarried Camilla Parker Bowles?"
"There is now no reason, legal, religious, moral or otherwise, to prevent  marrying  ."
"As for  suitability, consider this: she lived life a bit, "
"professionally and sexually, and is not a naïve 19-year-old virgin like Diana."
"She also knows the media game, being a star already."
And she has a proper job that allows for time out to have royal babies.
"Oh, and given the fact she from mixed race parents – her mum is African-American – there a real chance some of those babies might be black."
"Finally, the  could have non-white members to more accurately reflect the gloriously multi-cultural nation over which they reign."
Hurrah!
"OK, OK, maybe I'm getting ahead of myself a bit here."
"But if I were , I'd be popping the question pretty damn sharpish – for four good reasons:"
a) He unlikely to find a better bride to keep him on his toes and be a whole lot more than just a trophy royal wife.
"b) America, having nearly wrecked the British Monarchy with Wallis Simpson, can now atone by providing a potential Queen worthy of global admiration not revulsion."
"c) Every single marriage involving a British royal who married an American (i.e. one, Edward to Wallis) has lasted at least 36 years – they lived very happily together until Edward died in 1972 - which is considerably longer than most modern royal marriages have lasted."
d) We all need cheering up a bit and a royal wedding makes everyone smile.
"So, and I say this with great respect, get on with it , it your constitutional duty!"
 'broke royal protocol in dash to see ':  switched flight despite the Palace saying royals should be 'discouraged' from mixing official and personal trips
"  may have breached  protocol by making a 1,700-mile detour via Canada to visit his  after an official tour."
"The  was expected to fly back to London on Sunday night, but it was reported yesterday that he changed plans and instead boarded a flight to Toronto, home to   ."
"He was required to be back in Britain by this morning, when he is due to attend a charity event in the capital."
"But after almost three weeks apart from his , he apparently decided to stop off to see her on his return home."
 last night refused to comment on whether the  boarded a flight to Canada on Sunday.
"But royal officials previously briefed the media, both in London and during ’s 15-day tour of the Caribbean, that the  would be returning immediately to Britain on a commercial flight funded by the taxpayer."
"In the hours before  was due to leave, aides maintained the  would be returning to London."
"The fact that he apparently chose to visit his  on the way back from an official tour on behalf of his grandmother, the Queen, threatens to overshadow the successful work he undertook there."
"However, a friend told The Sun: ‘ just couldn’t wait to see her. He was due to fly back to London on a British Airways flight with the rest of his entourage."
‘But he changed his mind and diverted straight to see her as they couldn’t bear to be apart.
‘It’s just another sign of how head-over-heels he is about her. He is absolutely besotted. We’ve never seen him so happy – it’s great.’
An official said that in any situation costs incurred to taxpayers as a result of altered plans or extra flights taken would be met ‘privately’.
 has previously stated that members of the  should be ‘actively discouraged’ from combining official and personal trips.
"Following a 2004 investigation into visits by ’s uncle,  Andrew - who earned the nickname Air Miles Andy for his ‘excessive’ foreign travel - the Royal Household told the National Audit Office: ‘Members of the  are entitled to grant-in-aid for official travel, as are their staff and, where capacity permits, other officials."
"‘They meet their own costs, however, for private travel. In order to avoid confusion, combining private and public engagements in the same trip is actively discouraged.’"
"Despite the guidance, royals do on occasion mix personal trips with official engagements."
"It is unlikely that ’s change of plans was made at the last minute because the  has security with him at all times. As he was visiting a Commonwealth realm, local authorities would also have needed to be notified in advance."
"While  may reimburse the public purse for the cost of his flights, taxpayers will be forced to foot the bill for his bodyguards, who travel with him at all times."
"With his departure from Guyana scheduled for 1pm on Sunday, the  could have made a 4.25pm Air Canada flight from Barbados to Toronto arriving at 9.15pm – in time for a late dinner."
 and his  are also believed to be planning a pre-festive getaway together before he returns to Sandringham in time for Christmas.
"The pre-Christmas meeting came after Miss , , offered her best festive clothing tips in an interview with Canadian media."
"Just in case the  is handed a last minute invite to the annual Christmas service, attended by the , Miss  made it clear that she intended to stay away from any garish outfits."
"The Suits star, who recently launched her own clothing line, told Postmedia News: ‘The holidays are a time to — not quite play it safe — but play it classic."
"‘You don’t want to be the girl in a head-to-toe sequin look, where you look like you should be an ornament on the tree."
‘Don’t be that girl... Be the girl who looks chic and classy and plays it really simple.’
A new ITV documentary will see  talk openly to anchor and former royal reporter Tom Bradby about his charity work in the Aids-stricken southern African nation of Lesotho.
"In an interview with the Radio Times, Mr Bradby said of the programme, due to air later this month: ‘The film is also rather revealing about who he is and where he is in life."
"‘He talks candidly about the past, the present and his own future. But mostly he talks about how fired up he is about his position and what he can do with it."
"‘There is, he says, too much focus on the bad news in life. It’s great to be good, he tells us, and boring to be bad.’"
"Meanwhile, choirmaster Gareth Malone has revealed that  has a fear of singing."
"Mr Malone, who was asked to form a choir formed of ex-servicemen for the ’s Invictus Games, told OK! magazine: ‘I think he’s chicken! Blokes seem to fear singing like nothing else."
‘You can send   in an Apache helicopter into a war zone and he’d probably fear that less. Maybe he just doesn’t want to look like an idiot.’ 
Look away now !     locks lips with another man in a scene from her latest movie The Dater Handbook
  plays Cassandra Barber in The Dater Hanbook 
New images from the series see her kissing fellow actor Jonathan Scarfe 
While Cassandra is unlucky in love  is currently dating  
  may be left feeling a little pang of jealousy when watching his    latest flick.
The  is pictured locking lips with a handsome actor in new images from her new TV movie The Dater Handbook.
Despite the fact that she is dating one of Britain most sought after men the -year-old plays a young woman unlucky in love.
In pictures released today  shares a passionate snog with actor Jonathan Scarfe is a scene from the movie where she plays Cassandra Barbara.
"Realising she has a recurring habit of picking the wrong type of guy, Cassandra Barber () turns to relationship expert, Dr. Susie, and her latest self-help book, The Dater Handbook to help with her ailing love life."
"She follows the advice in Dr. Susie book to evaluate potential suitors, and then must ultimately choose between reliable George (Jonathan Scarfe) and fun-loving Robert (Kristoffer Polaha). "
The Dater Hanbook which was released in American in January this year and will be transmitted throughout Europe next year.
While her on-screen love life may be in trouble the  reality couldn't be further from it.
The Suits  had been dating the  for 'months' according to  and even enjoyed a visit to London to stay with  in November.
"However, the pair have been apart for several weeks now as  has been spending time in Toronto while  is touring the Caribbean.  "
"Yesterday While her boyfriend was teetering on the edge of Guyana Kaieteur Falls, which are 820ft high, Miss , , was playing dress up with her dog and buying herself flowers over the weekend."
"And just in case , 32, had forgotten her, the  chose a Union Jack themed coat for her pet Guy."
It came only hours after she was pictured supermarket shopping in Toronto wearing a baseball cap and green parka jacket and pushing a laden trolley through the car park.
"Miss , who often writes about her love of the simple things in life, was seen stocking up on basics such as kitchen roll and water during the outing. "
New royal row erupts after fake photographs claiming to be of      topless are published online
American website published pictures of a woman it claims is  
In the photos a brunette woman can be seen sunbathing topless on a beach
Comes just a month after   issued statement defending his 
Sources later said the photographs were not of the  
A new royal row looks set to explode after photographs claiming to show       sunbathing while topless on a beach were leaked online and later revealed to be fake. 
The pictures were published this afternoon by American gossip website under the headline: 'Topless & Shameless!  Gal   Bares Her Boobs In Steamy Leaked Photo'.
"It was claimed the snaps were taken on the Greek island of Mykonos in 2005, when the Toronto-based Suits  was on holiday with her ex-husband, film producer Trevor Engelson. However, sources have said that they are not of Miss ."
Their emergence comes just weeks after the  released a strongly-worded statement calling for Miss  privacy to be respected. 
The pictures are expected to throw a further spotlight on the young couple relationship - and given  previous unprecedented missive it is expected that the young  will be furious at these images claiming to be of his  appearing online.
"An insider told the site which published the pictures, Radar Online: ' explicitly told  to stay away from controversy, but he adamant he'll stick by her."
 always been confident and hasn't ever been one to shy away from having fun. That why  has fallen madly in love with her!'   
"On Sunday Ms , , returned to Toronto after enjoying a romantic week with , where they were spotted buying a Christmas tree together and watching a show in the West End."
The California-born  left London after the  personally dropped her off at Heathrow airport before she boarded her flight. 
She was spotted today in Toronto wearing a comfy black oversized coat which she teamed with a cream beanie hat as she made her way to a yoga class.
  is currently enjoying the annual Christmas lunch at  with the Queen and the rest of his family. 
Last month   took the unusual step of issuing the statement defending Miss  from the 'wave of abuse and harassment' which was unleashed following the revelations that the pair were dating.   
MailOnline has contacted  and Miss  representatives for comment. 
  William dismay at his brother  'hot-headed' public plea over   
 William is deeply unhappy over his 'hot-headed' brother decision 
The future king is fiercely protective of his family’s privacy and believes his more open brother made a mistake in wearing his heart on his sleeve
As well as appealing to media  instructed security guards for 
" William is deeply unhappy over his younger brother’s decision to issue an unprecedented public statement about his new ,  ."
"The future king is understood to be concerned that ‘hot-headed’   officially confirmed his relationship with the -year-old  by releasing an emotional tirade against the media and online commentators, sources said."
"William, 34, and , 32, are very close, living yards from each other at  and sharing both an office and a charitable foundation."
"But despite his support for , William is fiercely protective of his family’s privacy and believes his more open brother made a mistake in wearing his heart on his sleeve."
"‘He thinks  made a mistake in confirming the relationship and releasing such an emotional statement so soon [into it],’ one well-placed Palace source told the Mail."
‘He feels that the statement offered up too much information and only served to fuel speculation about how serious  is about . It could also put him in a difficult position in the future regardless of whether the relationship leads to something or not.
"‘William knows that his brother can be hot-headed and understands that it is something he felt very strongly about. Privately, he shares a lot of the sentiments he and  expressed as, make no mistake, she was very involved in the statement too."
‘But he believes it was wrong to make his feelings so public.’
Royal sources said yesterday that William was made aware of the statement before  put it out. A  spokesman added the elder  ‘understood’ ’s concerns. They said: ‘The Duke of Cambridge absolutely understands the situation concerning privacy and supports the need for   to support those closest to him.’
Over the years the brothers have issued only a handful of public statements in connection with their personal lives.
"Some have concerned their late mother, Diana, ss of Wales, including when an Italian magazine printed a photograph in 2006 of the royal as she lay dying in the wreckage of her car."
"They also accused her former butler, Paul Burrell, of a ‘cold and overt betrayal’ after he wrote a tell-all book about his time working for her."
"William spoke out after topless photographs of his wife, the Duchess of Cambridge, were published in a French magazine in 2012, describing the incident as a ‘grotesque’ invasion of their privacy."
"And more recently the  issued a warning to paparazzi photographers over their attempts to secure pictures of his children,  George and ss Charlotte."
"But when it comes to their personal relationships the s have been more circumspect, knowing whatever they say will only fuel public interest."
"William spoke once about the level of paparazzi interest in Kate Middleton, then his , and some years into their relationship when she was being followed daily by dozens of photographers amid rumours the pair were getting engaged."
"‘William is of the opinion that you need to keep your powder dry on these sorts of things and they, as a family, should only resort to making public statements when there is no other option left,’ said the source."
‘He just doesn’t feel this was a big enough issue to make a fuss about.’
 is currently on a two-week tour of the Caribbean on behalf of the Queen. Yesterday he took part in a cricket match in St Lucia. He will return to London for engagements in early December but is then expected to jet off to see Miss  before spending Christmas with the  at Sandringham. 
I blocked and reported a number of social media users':      pens a VERY honest essay addressing the racism she has endured from online trolls 
  wrote in Elle magazine about the abuse she has suffered
She says that she had to block and report several of the comments  
Added that she has chosen to find her 'own identity' to defy her trolls  
     has penned a powerful essay addressing social media trolls. 
", , has opened up about the backlash she received over the producers of Suits decision to cast black actor Wendell Pierce to play her on-screen father."
"In an essay for Elle UK magazine, she wrote: 'I remember the tweets when that first episode of the Zane family aired, they ran the gamut from: ""Why would they make her dad black? She not black"" to ""Ew, she black? I used to think she was hot.""'"
Scroll down for video 
The  says that the few tweets she was aware of spoke volumes of the racism still at large in the US.
"She continued: 'The reaction was unexpected, but speaks of the undercurrent of racism that is so prevalent, especially within America.'"
- who has been dating   for eight months - says in order to show she is above online bullies she made the decision to find her own 'identity' and she continues to push for positive change when it comes to racism in Hollywood.
"She added: 'You push for colour-blind casting, you draw your own box … you create the identity you want for yourself, just as my ancestors did when they were given their freedom.'"
s essay comes after her beau   slammed trolls for attacking his  and her family.
The 32-year-old royal said he was 'deeply disappointed' that he has not been able to protect  from the 'wave of abuse and harassment' she has suffered since their romance was made public.
"A statement released by  read: 'His ,  , has been subject to a wave of abuse and harassment. "
ome of this has been very public ... the outright sexism and racism of social media trolls and web article comments.
  is worried about Ms  safety and is deeply disappointed that he has not been able to protect her. It is not right that a few months into a relationship with him that Ms  should be subjected to such a storm. 
'He knows commentators will say this is 'the price she has to pay' and that 'this is all part of the game'. He strongly disagrees. This is not a game - it is her life and his.'
s relatives were also bombarded with messages and questions after the news of their romance broke.
And the brother of  William also insisted he has 'never been comfortable' with the curiosity around his love life.
"In a statement, the spokesperson added: ince he was young,   has been very aware of the warmth that has been extended to him by members of the public. "
'He feels lucky to have so many people supporting him and knows what a fortunate and privileged life he leads.
"'He is also aware that there is significant curiosity about his private life. He has never been comfortable with this, but he has tried to develop a thick skin about the level of media interest that comes with it.'"
SECOND hottie:  secretly dated English model while wooing    - and don't they look alike
" enjoyed gates with Burberyy model Sarah Ann Macklin, 27, in June"
Friends revealed they met at party and he then 'bombarded' her with texts
America  Mergan  is believed to be the  new love 
"  secretly dated a stunning English fashion model while he was wooing American TV star  , The Mail on Sunday can reveal."
The  enjoyed a series of dates with Burberry model Sarah Ann Macklin in June and July while he was romancing Miss  when she visited London.
"Friends of Miss Macklin, 27 – who looks uncannily like the  – told us that , 32, met the model at a private party where he took her number and bombarded her with texts, just as he is said to have done with Miss ."
"It was unclear last night whether Miss , , who stars in US television drama Suits, was aware that  was seeing a lookalike brunette while he was beginning his relationship with her."
"Sources say ’s interest in Miss Macklin brought on a jealous reaction from her chiselled ex-boyfriend David Gandy, an underwear model for Marks and Spencer."
A source close to Miss Macklin said last night: ‘Their fling is an open secret among her friends.
"‘David Gandy knew that  was pursuing her and tried to get her back. At one point she had the country’s most famous male model and a  vying for her affection, and the novelty was not lost on her."
‘She ended up turning David down and dating  . It eventually fizzled out but they are on friendly terms.’
Another friend confirmed: ‘They were introduced at a social gathering and  made a beeline for her. She was very flattered by the attention and they went on a few dates. Everything was kept very below the radar.
"‘They got on, but are quite different. She is very clean living and barely drinks and in that respect they were on a different wavelength.  also seemed a bit non-committal and it never really got off the ground. Things fizzled out before he went to Africa for a month in August.’"
"Miss Macklin is signed to leading agency Select Model Management and has worked for brands including Burberry, Abercrombie and Fitch and Matthew Williamson. She turned heads in a racy photo-shoot for Esquire magazine in 2012, wearing a lace bra that barely covered her modesty."
"Asked about her royal fling last night, she said: ‘I wouldn’t speak about my personal life, whether it’s with   or anyone. I wouldn’t tell you whether it was true or not.’"
News of ’s relationship with Miss  broke last weekend. He is said to be ‘besotted’ after meeting the divorced  in London in May. He deluged her with texts until she agreed to meet up for a date in London.
"This newspaper understands the date was set up Markus Anderson, a Canadian who knows both the  and Miss . The couple have another friend in common – designer Misha Nonoo, who is married to ’s friend, Alexander Gilkes. A source said: ‘Misha and  are great chums. She has known about the romance with  the whole time but was sworn to secrecy.’"
" has declined to comment on the ’s private life, but tellingly there has been no denial from his camp over reports of his relationship with Miss ."
  is my friend... she inspired me to become a doctor': How   girl is changing lives of African children... just like Princess Diana
"   Megan , , is the face of World Vision in Rwanda"
She is said to have bonded with  over a passion for improving lives in Africa
Suits  has changed lives of many impoverished schoolchildren in Rwanda
"Cecile, 15, said 1,650 children shared single toilet before she helped build more"
Schoolgirl calls  her 'friend' and says she now dreams of being a doctor
Another girl told of how  charity provided her village with clean water
The star charity work is being compared to  late mother Princess Diana 
  is inspiring a generation of poverty stricken young girls from Rwanda to realise their dreams to become doctors – in the spirit of Princess Diana.
Two girls have told how    has made them study to change their lives after meeting the Californian-born uits' star.
"Her easy charm and natural warmth with the boys and girls in the genocide-scarred east African state has echoes of  mother Diana, dubbed 'The People ss' for the kindness she showed to others."
", , an ambassador for Canadian charity World Vision and , 32, are said to have grown close over their passion for changing the lives in Africa."
Now she appears to be continuing Diana legacy by inspiring a generation of young people achieve their ambitions.
"The yoga-loving  based in Toronto, who spent a romantic few days with the  in London before he spent Christmas at Sandringham, Norfolk, says: 'While my life shifts from refugee camps to red carpets, I choose them both because these worlds can, in fact, coexist. And for me, they must."
"'I never wanted to be a lady who lunches – I've always wanted to be a woman who works. And this type of work is what feeds my soul, and fuels my purpose,' she added. "
"One of the girls she met during her visit to the country is 15-year-old Cecile Mugwaneza, a gifted schoolgirl from a poor farming family."
Cecile told MailOnline: 'I did not know   before I met her but she has become my friend. She asked me about my education and I told her everything. She has inspired me to become a doctor.' 
"Sitting on a hand-built, wooden bench, softly spoken Cecile explained how the , and World Vision, came to her rural school to open new toilets - and changed her life."
"Cecile said she had to share one toilet with 1,650 children at the Mbandazi village school, over an hour drive outside the capital Kigali, meaning pupils couldn't concentrate on their studies."
'Before the new latrines all the boys and girls had to share the same toilet. Now we can come here any time without waiting. We also don't have to waste time away from class. Everyone can concentrate much better now. 
'I am not the best student in the class but I always try my best. 
'I make every effort I can. If I do not understand something I asked the teacher after the class and ask her to explain it to me again.
After I met  I did my national exams. I hope I do well enough to get a place at secondary school.'
She added: 'I would like to write to her but I cannot speak English and she does not speak my language.
"But if I could write her a letter I would say; ""Dear , I miss you. I would love to see you again because you are my friend. You have inspired me to do my best at school, to become a doctor"".'"
"As Cecile spoke family and friends gathered in the swept-dirt courtyard of her mud-brick home, chickens pecked the ground for insects and seeds, infant cousins played in the bushes. "
"Bicycles transporting hands of green bananas, bright yellow water containers and passengers along the uneven unmade road through the plant fence. "
"Others carry baskets, bowls and firewood on their heads. Barefoot children wave as they walk past with, their parents carry hoes, machetes and other tools as they return home from tending their fields."
"Her hands caked in mud, Cecile too had just returned from the fields, a 45-minute walk-away, where she helps her farmer father Didace to grow sweet potato, cabbage and aubergines. "
"'Now I help my family to cultivate the land,' Cecile explained. 'We grow vegetables to eat. I get rid of the weeds and dig the earth."
"'I am very good at science, which I like because it is important for the environment. If you want to be a good farmer you need to be good at science as well. "
'But I want to become a doctor so I can help all of the people. I would like to specialise in treating women.'
Cecile was inspired to reach for her highest limits of her ambition after she was chosen to meet .
"The youngster did not know much about the British  but her aunt Jane told her of Princess Diana and her inspirational work, particularly in Africa where in 1997 she walked through a minefield in Angola to highlight the plight of victims."
Jane told MailOnline: 'I know Princess Diana. She helped African children. Now this lady  is helping African children as well.' 
"Another girl inspired by  is Florence, 12, who is from a village more than an hour drive from a tarmac road in the remote Bugesera District. "
She used to have to travel for up to nine hours a day on a broken bicycle and brave a crocodile and hippopotamus-infested river to draw drinking water – her best option.
Florence was forced to drop out of school – a luxury for many poor Rwandan youngsters – due to her family crippling poverty.
She explained: 'I went to school for three years. I had lots of friends. Where we get the water is very far from home. Often I get sick when I drink the dirty water.  
" took up the role as figurehead for the development agency after seeing first-hand the daily struggle of people in Rwanda, where 800,000 were victims in the 1994 genocide and used her celebrity status to help. "
"She had been drawn to the heart of Africa to experience mountain gorillas, two years ago - but the resilience of the the people there left a lasting impression and she returned to the country in February. "
"Bumping along dirt tracks, crossing crocodile-infested rivers and scaling some of Rwanda countless hills the  marvelled at how something as simple as a tap bearing clean water could transform the lives of so many. "
"As the face of World Vision Canada, the charity that helps 600,000 people with 29 long-term projects, she brought the harsh reality of daily life in Rwanda into the homes of millions secure in the privileged western world."
" came to Rwanda to see the mountain gorillas but when she saw how difficult life can be here she wanted to help,' George Gitau, National Director of World Vision Rwanda told MailOnline."
he became an ambassador for World Vision after visiting our country. She wanted to help young people find a brighter future. She is very committed to development in Rwanda. She is very warm and kind and she is very natural with people.'
What would  say?   strips to a skimpy negligee for a VERY racy bedroom scene with her on-screen boyfriend in Suits
", , filmed in bed with on-screen boyfriend played by Patrick J Adams"
Pair are seen chatting before becoming engaged in passionate clinch
Has previously admitted she's worried about 'sexiness' of her character
  preparing to celebrate festive season with royals at Sandringham  
"He's been missing his  girlfriend since they went their separate ways at the weekend and probably the last thing   would want to see is images of  , , in bed with another man. "
"However, the  had better get used to it as newly unearthed footage from the fifth season of Suits shows the  wearing a skimpy black slip as she engages in a passionate clinch with her on-screen boyfriend. "
"Luckily for ,  received a funny reminder of the  today when a cab from a firm called Royal collected her outside her Toronto home."
Her outing came as newly unearthed footage shows her character Rachel Zane cosying up to on screen boyfriend Mike Ross between the sheets.
"In the scene,  who is wearing a skimpy black slip, can be seen chatting to her on screen lover in bed before they become entangled in a passionate clinch. "
It's by no means the first time  has taken on a steamy scene on screen.  
And she has even admitted to becoming concerned about the number of Suits sex scenes she has starred in and the 'sexiness factor' of her Suits character.
She added that she avoids skimpy clothes because her mother warned her to 'never give the milk away for free'.
"On her Suits outfits she said: 'Yes, those pencil skirts on the show are fit within an exhale, but I fight to get that paired with a men's oversized shirt for balance.'"
Currently  is preparing to celebrate Christmas with the  at Sandringham. 
"The festivities are for close family only, but although  was not invited the Queen is said to be 'fully supportive' of her grandson's relationship with the ."
"The , who has been dating Miss  for several months, is said to have received the royal seal of approval from his grandmother."
Speaking to US magazine a source claimed to be a ' insider' said that Her Majesty is 'fully supportive' of  romance.
They added: 'She’s delighted to see  in a loving relationship'. MailOnline has contacted the palace for a comment. 
 returned to Toronto for Christmas with her family on Tuesday after enjoying a week in London wither boyfriend .
The pair went shopping for a Christmas tree and attended The Curious Incident Of The Dog In The Night Time at a West End Theatre.
"However, royal duty beckoned for  this week, and  jetted back to Toronto where she is based to spend the festive season apart from her boyfriend."
"Only close family and occasionally friends join the senior royals at Sandringham, and it's too soon in  romance with the Suits  for her to be invited by the Queen."
"However,  made sure to drop her off at Heathrow airport personally on Sunday morning."
"The  was accompanied by airline staff prior to boarding her flight, while the  was flanked by five police protection officers."
  girlfriend's sad rift from her sister revealed by family members who speak of sadness that older sibling's attacked 'classy' 
"Samantha Grant, 52, has spoken out against her half-sister   since the Suits 's relationship with   became public "
Now Grant's immediate family tell DailyMail.com that they are on 's side and that Grant has driven the split 
Grant's mother - who was  's father's first wife - says: 'Samantha has been dogging her for the last 20 years'
Samantha's ex-husband said: ' has done nothing wrong. She didn't deserve this'
"Grant is estranged from her mother and two brothers, and is believed to have a fraught relationship with her father, Thomas, 's dad"
"  girlfriend  , is at the center of a sad family rift that has seen her lose contact with her older half-sister Samantha Grant, DailyMail.com can disclose."
"The -year-old  has been repeatedly criticized by Grant, her father's elder daughter, who is 52."
"But DailyMail.com can reveal the reason behind it - a split in the family which members said was not caused by , who one said 'is very classy'."
"Instead, they said, the rift appeared to have been driven by Grant, who has not spoken to the  since 2008 and has - some said - long been jealous of her success."
"Grant and her brother Thomas  Jr are the elder children of Thomas , by his first wife Roslyn. He then married yoga teacher Doria Ragland, 60, and had , though the couple later divorced when she was six."
"Speaking for the first time about  , Roslyn, 71, who lives in Albuquerque, New Mexico,  of the family’s sadness over the rift."
" is very pretty, very nice, very polished and very classy,' said Roslyn."
"I never hear anything but good about her from my son Thomas [Jr, 's older half-brother]. But Samantha, Samantha has been dogging her for the last 20 years."
Everything she has said about her [Miss ] is a lie.'
"Roslyn 's comments were echoed by her younger son Bobby Lucero, , and Grant's former husband Scott Rasmussen, 57, both of whom live in Albuquerque."
"Grant is now estranged from her mother and two brothers. She divorced Rasmussen when their daughter Noelle, now 18, was five."
"Her relationship with her father Thomas, who lives in Mexico, is also thought to be fraught – as are her dealings with her own two older children, Ashleigh, 31, and Christopher Hale, 30."
"Following their 2003 divorce, Grant initially won custody of Noelle but the teenager has lived with Rasmussen, a Marine Corps veteran and a well-respected armorer in the film industry, and his wife Cheryl, 57, at their Albuquerque home since she was 14."
"Both Roslyn  and Rasmussen say Grant, a former model and , has pursued litigation against them in court to the point of being vexatious – a claim that appears to be borne out by legal documents seen by DailyMail.com."
"In July 2015, Grant took out a restraining order against her mother but it was dismissed just one week later. A month later, records show Grant lodged a personal injury claim against Rasmussen – but it was also thrown out."
"In a further twist to the tale, Grant herself was booked on one count of using the 'phone to terrify/intimidate' in December 2011. That too was thrown out after the witness, Rasmussen, failed to appear in court."
"  is understood to have been dating   since June, after meeting him during his whirlwind trip to Toronto in May for the launch of the 2017 Invictus Games."
"The , who is from Los Angeles but is based in the Canadian city, has since made several visits to London and was pictured in the British capital with her royal boyfriend last week. On Monday she was seen arriving at Toronto airport after spending time with the ."
"Her Christmas plans are not yet known; her boyfriend will spend Christmas Day with the Queen and other members of the  at Sandringham, their English country retreat."
Grant was the first member of her extended family to speak about the ’ new relationship and used a number of interviews to speak critically of .
Grant had claimed that  is nothing but a 'social climber' who turned her back on the  family and hasn't spoken to her since she became wheelchair-bound in 2008 with Multiple Sclerosis.
Grant said she had brought up the  for 12 years when she lived in California and declared: 'The  would be appalled by what she's done to her own family.
"The truth would kill her relationship with  , he wouldn't want to date her any more because it puts her in a bad public light."
I certainly don't think  or his family would want to associate with her afterwards.'
Recently Grant has reverted to using the surname .
"Grant's own mother, however,  that she should not be believed in any form.  "
"She thought she was just going to be able to discredit  and   was going to say, ""Oh well, ta ta with you"",' Roslyn  ."
"'But when she found out that they were still dating and the relationship might be going somewhere, she wanted into the limelight."
She wants back in 's good graces because of the limelight and the attention.'
Roslyn  added: 'She thought she could ruin things for her [Miss ] with  and now she's realized they will keep dating whatever she says.
Now she's sucking up to her. She just wants money – she has always demanded money from .'
"Of   herself, Roslyn  said: 'I just don't want  hurt. Obviously she [Miss ] was hurt by what Samantha said and she doesn't need her getting involved in her life."
I really do wish  well.'
Her comments echo those made by other members of the extended family.
"Scott Rasmussen, Grant's ex-husband said: 'I disagree with the statement that she raised her until she was 12 because her father Tom, he said that when  was born, Samantha distanced herself from the family."
She did go to visit and she got a couple of nice pictures of her holding  as a baby but don't believe the rest. Even Samantha's mom said that did not happen. They [Grant and Miss ] are not close at all.'
"He added: 'Even when she was married to me, [Samantha] was always complaining about her sister."
"'She would always say, ""Oh, dad is helping her in her career – why isn't he helping me?"" And I'd be thinking, well, because you have a bad attitude."
 has done nothing wrong and has never hurt anybody. She doesn't deserve this.'
"And Lucero, who is half-brother to Miss 's older half-siblings but no relation to her, said his brother Thomas, 50, had also been left outraged by Grant's comments."
"He's furious,' Lucero . 'He's real upset with how she did that [spoke about ]."
Samantha is not a good person. She's mean and vindictive and she's just all about herself. She's jealous and obviously thought that should probably be her [dating  ].
"Ever since I can remember, she's had nothing good to say about . It's always been like, ""this little bee is taking advantage of my dad"".'"
"Lucero, who said he was 'excited' about the prospect of having a royal in his extended family, also shared a childhood photo of the 's girlfriend - in which the baby girl is seen sitting on her brother Thomas Jr's lap."
"Miss , confirmed Rasmussen, is hugely popular with the rest of the family and he described her as a 'happy person' who is adored by her niece Noelle."
"She's very nice,' he . 'Her brother Tom out in California – he agrees she's the nicest person in the family, actually. My daughter [Noelle] loves her."
", she's one of those people who doesn't cause trouble for anybody. She's a happy person.'"
hasty exit: Besotted  leaves girlfriend  's Toronto apartment under cover of dusk to head home - arriving back in London for charity engagement with just hours to spare
" , 32, made a 1,700-mile detour to visit   in Toronto"
They are believed to have spent Sunday and Monday night at home together
The royal was seen leaving his girlfriend's apartment yesterday afternoon
He hopped on an overnight flight to arrive in London in time for a charity event 
photographed sneaking out of girlfriend  's apartment under the cover of dusk after a whirlwind mini-break in Toronto.
"The besotted royal, 32, made a 1,700-mile detour to visit the American  on the way back home from an official tour of the Caribbean on Sunday."
"He had been scheduled to fly directly to London from Barbados but instead stopped off in Toronto, where Miss , , is based while filming US TV legal drama Suits."
The couple spent two nights holed up together before  broke cover yesterday afternoon and darted out to a waiting car and headed for the airport.
The  took a 6.30pm British Airways flight from Toronto to London arriving at 6.25am - in time for an official engagement in the City less than four hours later. 
"While  will reimburse the public purse for the cost of his flights, the security officers seen with him outside 's apartment are thought to be Canadian, and funded by Canadian taxpayers."
"Less than four hours after landing in London, he arrived bleary-eyed at the annual ICAP charity day, which sees traders donate all of their profits to a series of charities, including his own, Sentebale, which supports orphans and children affected by the HIV/Aids epidemic in Lesotho."
"After almost three weeks apart,  and Miss  enjoyed a low-key weekend inside Miss 's apartment."
"Security staff were positioned around the property and guards with earpieces patrolled the area, a witness said. "
"On Tuesday afternoon, a male figure with a hood over his head ran out of Miss 's home and bundled into a waiting car. The vehicle sped away, followed by a security truck.  "
"Following his 15-day tour of the Caribbean,  had been scheduled to return immediately to Britain on a commercial flight funded by the taxpayer. "
"In the hours before  was due to leave, aides maintained the  would be returning to London. However he later took a different flight to Toronto."
An official said that in any situation costs incurred to taxpayers as a result of altered plans or extra flights taken would be met 'privately'.
 has previously stated that members of the  should be 'actively discouraged' from combining official and personal trips.
"Following a 2004 investigation into visits by  uncle,  Andrew - who earned the nickname Air Miles Andy for his 'excessive' foreign travel - the Royal Household told the National Audit Office: 'Members of the  are entitled to grant-in-aid for official travel, as are their staff and, where capacity permits, other officials. "
"'They meet their own costs, however, for private travel. In order to avoid confusion, combining private and public engagements in the same trip is actively discouraged.'"
"Despite the guidance, royals do on occasion mix personal trips with official engagements."
"It is unlikely that  change of plans was made at the last minute because the  has security with him at all times. As he was visiting a Commonwealth realm, local authorities would also have needed to be notified in advance."
"While  will reimburse the public purse for the cost of his flights, the security officers seen with him outside 's apartment are thought to be Canadian, and funded by Canadian taxpayers."
 and his girlfriend are also believed to be planning a pre-festive getaway together before he returns to Sandringham in time for Christmas.  
The couple have yet to make an official appearance together but  continues to drop subtle hints about the budding relationship.
She has been spotted wearing a personalised gold necklace that appears to be subtly decorated with the letters M and H.
The  also posted an Instagram photo showing her dog Guy dressed in a Union Jack printed coat. 