﻿dailymail,  sister-in-law arrested 
mailonline,  sister-in-law arrested 
femail,Never-before-seen image awkward child modeling glasses untamed hair 
femail,  estranged sister DISASTER stop  father aisle
femail,DENIED 
femail,friend 
femail,:  celebrating college graduation in a low-cut shirt - while snuggling up to a mystery man 
femail,Deal No Deal suitcase girl  
dailymailceleb,  sister-in-law arrested 
dailymailceleb,sexy Santa Deal No Deal 
dailymailceleb,Crown star Matt Smith PITIES 
dailymailceleb,ex-husband break-up
dailymailceleb,scantily-clad uitcase girl Deal No Dea
dailymailuk,Obama diplomatic row
dailymailuk,difference Cambridge 
dailymailuk,  half brother  drunken brawl fiancee
dailymailuk,DENIED
dailymailuk,  sister-in-law arrested 
dailymailuk,  estranged sister hits back family  never 
dailymailuk," £56, engagement photos divides public opinion  "
dailymailuk,copy-Kate makeover Queen Christmas lunch  
dailymailuk,sexy Santa Deal  No Deal
dailymailuk,bra Deal No Deal
dailymailuk,bikini trilby hat 
dailymailuk,  estranged family gatecrash
pagesix,Princess Diana
pagesix,minor celebrity
pagesix,marriage  Trevor Engelson 
usweekly,rumored $89 natural botox  Biotulin
usweekly,  half-brother blames drunken fight jail
usweekly,sister-in-law  arrested assault
usweekly, dad hurt family never
usweekly,  estranged half-sister Samantha family never 
usweekly,ex Cressida Bonas
usweekly, rifts family half-sister
usweekly,Deal NoDea
radar_online,shady past
radar_online,first marriage forget
radar_online,sexy 
radar_online,college ex
thedailybeast," diplomatic tabloid shockwaves  invite Obamas family   ""never "
scottishsun,messy bun 
scottishsun,Anti-monarchy protesters wamp Windsor homeless  rough sleepers 
scottishsun,  dad  hurt 
scottishsun, upsets  sister Samantha Grant family never 
scottishsun, invite Barack Obama
scottishsun,sexy Santa Deal  No Deal
scottishsun, bra 
scottishsun,PiersMorgan  boozy date
scottishsun,Argos £33 
scottishsun,Glasgow Labour activists boo  Jeremy Corbyn congratulates 
thesun,break tradition
thesun,weird 
thesun,  half-sister  family secrets 
thesun,  sister blasts
thesun,sister-in-lawpolice mugsho boozy bust-up  
thesun, dad hurt  family  had
thesun,upset   sister
thesun,  pressured agents lie age
thesun,sexy Santa Deal  No Deal
thesun,fractured reclusivefather
thesun, reclusive dad Thomas
thesun,  dad recluse
thesun,break tradition 
thesun,secrets Deal No Deal 
thesun, dated
thesun,dad 
thesun, amily insist invited
thesun,obsession age 
thesun,piersmorgan blasts disturbedGood Morning Britain creepy   mug 
thesun,piersmorgan suffers huge blunder GMB  sister 
thesun,piersmorgan boozy date night
thesun,Deal  No Deal 
thesunshowbiz,pressured agents  lie age 
thesunshowbiz,bra short skirts  Deal No Deal
thesunshowbiz,Piers Morgan suffers blunder  sister Samantha
bossip,Half-Sister Claps Family  Never
bossip,Paper Trail  Divorce
bossip,Tek Time Bruv Wait Common Plebeian UK Citizenship
popsugar,  dad hard 
popsugar,ex-husband
perezhilton,  sister securing invite rants
perezhilton,rain 
daily_express,Kate Middleton forced follow rule 
daily_express,Donald Trump misogynisti
daily_express,Eugenie DELAYED 
daily_express,ex-girlfriends Eugenie 
daily_express,cheaper  Eugenie
daily_express,Eugenie overshadowed
daily_express,nationality 
daily_express, invite Obama 
daily_express, rule breaker  ignored protocol signing autographs
daily_express,  BREAKS rules protocol breach panic security 
daily_express,William furious 
daily_express,  William
daily_express,Handwriting expert fears   clash  issue  
daily_express,stealing  Kate Middleton  public
daily_express, last words sister  
daily_express,addictive Kate warns  social media dangers 
daily_express,William 
daily_express,]money father flaunting wealth 
daily_express,denied 
daily_express,  half-sister Samantha Grant
daily_express,  Psychic predicts  last  ]
daily_express, father hurt  shock family 
daily_express, sister family never
daily_express, snub Trump  President REFUSED invite 
daily_express,steal Kate Middleton  style public 
daily_express,hat 
daily_express,LooseWomen stars SLAM soap
daily_express,Body language exual sizzle
daily_express,old oldest 
daily_express,Kate
daily_express,SINGLE  votes against   shock poll 
daily_express,Prince Charles  Christmas gift
daily_express,  Kate Middleton US star influence British fashion 
daily_express,Boar Terminator German hunt
daily_express,  WRESTLES fight club shock 
daily_express,  dad 
daily_express,  father 
daily_express, Kate Middleton baby 
daily_express, Crown Matt Smith  PITIES  
daily_express,ugly fat
daily_express,ex-Cressida Bonas 
daily_express,Kate Middleton baby 
daily_express,childhood friend accuses MANUFACTURED 
daily_express,  STRIPPING old CV
daily_express,BALD 
daily_express,  body language Princess Dianalegacy
daily_express, religion Jewish Catholic
daily_express, similar Sophie 
daily_express,STOP criticising Trump Brexit
daily_express, relatives CRASH  invite
daily_express,BLAND Kate Middleton Janet Street Porter blasts LooseWomen 
daily_express,Piers Morgan GMB confession 
daily_express,Good Morning Britain suffers awkward   technical GAFFE GMB  
daily_express, parents Doria Thomas 
daily_express,forced PAY £1000 visa 
daily_express,Trevor Engelson ex husband 
daily_express,ThisMorning viewers FURIOUS coverage 
daily_express,  split first husband reason 
daily_express,subtle differences Wills Kate  
dailymirror,assistant Kate Wills happy 
dailymirror,last  half sister  sorrow  busy 
dailymirror,Donald Trump resent   snub
dailymirror,Tearful   sister-in-law arrested assaulting drunken  row
dailymirror, dad hurt
dailymirror,  sister fires back family 
dailymirror,spotted rude  outfit 
dailymirror,Psychic  ghost Princess Diana warning 
dailymirror,People are pointing out something disgusting about  engagement dress   https://t.co/O60XLWVOlH  https://t.co/JDfv9s74lC
dailymirror,ecurity risk past 
dailymirror,  half-brother arrested gun invite 
mirrorceleb,Eugenie  awkward
mirrorceleb,broken  important protocol
mirrorceleb,spend $75k dress  spend $75k dad
mirrorceleb,]messy bun different royal  Kate  
mirrorceleb,  Christmas present  mauled corgis 
mirrorceleb,Unconventional
mirrorceleb,Psychic predicts  divorce 
mirrorceleb,  background family never
mirrorceleb,  sister fires back family  never 
mirrorceleb, pushed lie age
mirrorceleb,"  wild wedding - bikini games, booze"
mirrorceleb,dated Ashley Cole rat footballer  date
mirrorceleb,first marriage broke 
mirrorceleb,  ex-best friend fell  fame changed 
mirrorceleb,Creepy interview Craig Ferguson 
mirrorceleb,Porn searches
mirrorceleb, first husband Trevor Engelson 
mirrorroyal, fair for Kate Middleton
nydailynews, Trump invited 
ellemagazine,Hat
elleuk,Sad Reason Invite Barack Obama 
elleuk,Diana Cambridge
elleuk,  Christmas Gift  Downright Hilarious  
elleuk,  Half-Sister Father 
elleuk,  Sister 
elleuk,  Father Walk Aisle  
elleuk, Fail A Britishness Test
bbcnews,  sister   family 
vogueaustralia,hairstyle rival Kate Middleton blow dry
huffpostent,Deal  No Deal
huffpostcalife,  and Prince  thank you cards are so sweet  https://t.co/nABIijrgzj  https://t.co/33Z4wLi2Nn
huffpostcalife, unconventional hairstyle raises eyebrows fans
huffpostuk,shadow 
huffpostuk,British citizenship wait  wife come home
guardian,represents mixed-race community
guardian,  Daily Mail dodge Brexit bullet 
guardian,  activism  check protocol 
guardian,  activist streak check protocol 
guardian,excited  British monarchy oppressive 
guardiannews,  activist streak check protocol 
bazaaruk,agree unconventional  cake 
bazaaruk,   rein political streak 