﻿pagesix,Princess Diana
pagesix,minor celebrity
pagesix,marriage  Trevor Engelson 
usweekly,rumored $89 natural botox  Biotulin
usweekly,  half-brother blames drunken fight jail
usweekly,sister-in-law  arrested assault
usweekly, dad hurt family never
usweekly,  estranged half-sister Samantha family never 
usweekly,ex Cressida Bonas
usweekly, rifts family half-sister
usweekly,Deal NoDea
radar_online,shady past
radar_online,first marriage forget
radar_online,sexy 
radar_online,college ex
thedailybeast," diplomatic tabloid shockwaves  invite Obamas family   ""never "
bossip,Half-Sister Claps Family  Never
bossip,Paper Trail  Divorce
bossip,Tek Time Bruv Wait Common Plebeian UK Citizenship
popsugar,  dad hard 
popsugar,ex-husband
perezhilton,  sister securing invite rants
perezhilton,rain 
nydailynews, Trump invited 
ellemagazine,Hat
elleuk,Sad Reason Invite Barack Obama 
elleuk,Diana Cambridge
elleuk,  Christmas Gift  Downright Hilarious  
elleuk,  Half-Sister Father 
elleuk,  Sister 
elleuk,  Father Walk Aisle  
elleuk, Fail A 'Britishness Test'
vogueaustralia,hairstyle rival Kate Middleton blow dry
huffpostent,Deal  No Deal
huffpostcalife,  and Prince  thank you cards are so sweet  https://t.co/nABIijrgzj  https://t.co/33Z4wLi2Nn
huffpostcalife, ‚ unconventional hairstyle raises eyebrows fans
huffpostuk,shadow 
huffpostuk,British citizenship wait  wife come home
bazaaruk,agree unconventional  cake 
bazaaruk,   rein political streak 
pagesix,sparkling style worthy crown
pagesix,best family  
pagesix,  fashion fit princess  
usweekly,  best fashion moments road 
usweekly,gifts adorable kids
usweekly,change  family tradition
usweekly,Christmas  Queen special nod  gag gifts  
usweekly,style icon
usweekly,Camilla  Cornwall sweetest
usweekly, Queen love   
usweekly,mom  'amazing'
usweekly,mom    best friends
usweekly,invaluable' advice   
usweekly, love photo
etnow," adorable ""cheeky"" moment  Wales"
etnow, stunning couple
etnow,unconventional look
etnow,  grills Barack Obama 
etnow, photos show love gorgeous 
etnow,  stunning  photos fashion
etnow, world successful partnerships
etnow,"IdrisElba beacon"" family."
etnow,Diana vibes
etnow," chef break tradition""cake."
etnow, love
etnow,photos classy
etnow,favorite moments  future 
etnow,"  challenged  ""sexist"" language dish soap commercial 11  change"
etnow," touching reason ""whirlwind"" date"
etnow,   style effect  begun  predictions reinvent princess fashion
etnow,Diana connection chapel
etnow,"Camilla  Cornwall, delighted"
etnow,Kate Middleton absolutely thrilled
etnow,  Suits co-stars celebrate
etnow,CUTEST moments 
etnow,Diana 
dailybeast,excellent PR game  faultless advised finesse  public personas 
dailybeast,"‚ sexy, intimate  pictures   public fall  in love "
dailybeast, break long-sting taboos family
dailybeast," activist women, a good role model,  figurehead world stage.  Ivanka Trump "
dailybeast,  triumphs first public 
dailybeast,"described herself  strong, confident, mixed-race woman black ancestry  "
dailybeast,  mixed heritage  gray self-identification embrace 
dailybeast,rewrite   fairytale 
dailybeast, fascinating family history   American  revolutionize  
dailybeast, Diana‚ diamonds   ring 
scottishsun, hilarious Xmas gift Queen  
popsugaruk,racist brooch
popsugar,traditional  bride
popsugar,racist brooch
popsugar,Kate Middleton absolutely amazing  family
popsugar,perfect
perezhilton,   cool  fam
perezhilton,unconventional bride
perezhilton,  fitting family Christmas
perezhilton,Cambridge  100% board
perezhilton, Suits USA cast warm wishes sweet
perezhilton,  ring Diana diamonds
perezhilton,American marrying British  Family kids  love story
perezhilton, American princess happier   Suits USA actress  
ellemagazine,Break Tradition  Speech 
ellemagazine,  Manicure  Surprisingly Affordable 
ellemagazine,Priyanka Chopra Normal  Sweet
ellemagazine,Economy Flight
ellemagazine, obsessed  'Love Actually' predicted      love  
ellemagazine,Kate Middleton chose  coat special reason honor
ellemagazine,  pro  Queen Elizabeth
ellemagazine,charmed 
ellemagazine,"describes   dramatic contrast blushing, coy  brides recent history"
ellemagazine, Means Black Women
ellemagazine,Barack Obama Tweeted  Nicest Congrats Message 
ellemagazine, William  Kate Middleton lovely reaction
elleuk,  Manicure  Surprisingly Affordable  
elleuk,     Send Adorable Thank You Cards Well-Wishers 
elleuk,Poll Shows People Believe   Continue Speak Politics  
elleuk,   Victoria Beckham Secret Friendship   Excited  
elleuk,Obsessed  'Love Actually' Predicted      Love  
elleuk,more than just   wonderful 
elleuk,Kate Middleton   William Loveliest Reaction 
elleuk,Patrick J. Adams  Best Reaction
elleuk,Barack Obama Tweeted  Nicest Congrats Message
instyle,Evidence 100% Queen Elizabeth approved
instyle,break  tradition again speech 
instyle, broke  protocol  again autograph  girl
instyle,hairstyle broke  tradition　again
instyle,rewriting   rules 
instyle,   flew economy
instyle,Thanks go-to gym hairstyle approved
instyle,   chat gender equality 
instyle,break  tradition 
instyle, fashion expert 
instyle,  wintry church lperfect  first  Christmas
instyle,BarackObama  sweet reference 
instyle,relative wore offensive brooch
instyle,short   touching reason
instyle,  wintry church lperfect  first  Christmas
instyle,  helped   kick life-threatening habit  
instyle,"12 affordable,  inspired holiday party dresses steal  show  "
instyle, pale pink nail polish copy  perfect manicure
instyle,"powerful personal essay ""enough"""
instyle,  cake  untraditional ingredient
instyle, first   Christmas  Queen
instyle,college sorority portrait surfaced  changed 
instyle, biracial identity HUGE  Britain    family
instyle,Camilla　 Cornwall welcomed    family   perfect message
instyle, KateMiddleton   William celebrating    
instyle,beauty  hair transformation 
instyle, stuns 　official  photos
instyle, parents sweetest reaction 
instyle_uk,Break  Tradition Again
instyle_uk, Freckles Important 
instyle_uk,  Homecoming Queen Photo Fabulous  Tiara  
instyle_uk,       Expected  Bring  Money UK 
instyle_uk,     Flew Economy 
instyle_uk,  Brought  Favourite '90s Makeup Trend   Palace
vogueaustralia, carve  beauty  own
vogueaustralia,True love　official  photos
vogueaustralia,Kate Middleton  helped welcome  family
voguemagazine," decision,  true, modern update  monarchy everywhere"
voguemagazine, public transit   stuck delayed train. 
voguemagazine, hairstyle breaking   beauty rules
voguemagazine,Kate Middleton     picture perfect celebrated Christmas morning 
voguemagazine,breaking  tradition sharing  imperfectly perfect photo 
voguemagazine, tradition  treating women  super-famous  garbage  misogynistic public shaming  begun
voguemagazine, camping Botswana  UN Women advocate ambassador World Vision   ambassador One Young World
voguemagazine,cake
voguemagazine,activist 
voguemagazine,Queen Elizabeth‚ corgis love 
voguemagazine, first American become 
voguemagazine," absolutely beautiful, frame  black girl elevated disservice  evolving grasp  race,   complexity  blackness."
voguerunway, break societal tradition 
voguerunway,hairstyle breaking   beauty rules
voguerunway,imperfectly perfect
voguerunway,  favorite tote bag surprisingly affordable
voguerunway, reason love   
voguerunway, style icon
voguerunway,   much more than 
voguerunway,heartwarming story  ring
britishvogue,style evolution wales
britishvogue,  makes  case  casual bun visit  hair style 
britishvogue, singular message outfit
britishvogue,ease television cameras     prove modern 
huffpostent," kids  ""Love Actually""  grown up  "
huffpost," kids  ""Love Actually""  grown up  "
huffpost,  fought sexist advertising 11  
huffpost," ,   first official  Diana  "
huffpost," break tradition,  family embraces  "
huffpost,"J. K. Rowling   ""unsuitable""  "
huffpost,   American actress  ‚ historic  people thrilled  Atlantic
huffpost,Barack Obama congratulates    
huffpostcalife,     thank you cards sweet 
huffpostcalife,  family shares sweet childhood footage 
huffpostcalife,timeless style Canadian Smy coat designers
huffpostcalife,  reportedly shunning  British tradition 
huffpostcalife, unique    tradition
huffpostcalife, ‚ essay enough' proves  validation 
huffpostcalife,first  spend Christmas Queen  
huffpostuk,first  spend Christmas Queen  
huffpostuk,     pay tribute Diana touching first 
huffpostuk,  Diana would react happy news
huffpostuk,celebrating 
usatoday,     raise awareness HIV/AIDS  first official visit 
usatoday," Raised  L.A. Jewish, become  first American welcomed  British  family "
usatoday, Diana  moon
usatoday,British  marrying American divorcee  1936   British monarchy   Church of Engl  crisis  happen decided marry 
usatodaylife,obsessed   wardrobe
usatodaylife,  Suits co-star sent  sweetest message 
usatodaylife,mother  moon
time,  skirted  restrictions smart move 
time,subtle style choices point  philanthropy 
time,style evolution all-American gir photos
time,Queen cousin defends wearing 'offensive' Blackamoor brooch
time,swooning  photos internet internet internet internet
time,style evolution all-American gir photos
time,  helped   kick a life-threatening habit 
time, groundbreaking
time,incredible vacations
glamourmag, breaking  tradition 
glamourmag,feminist 
glamourmag,perfect
glamourmag,  broke  protocol  hairstyle again
glamourmag, moving  Monarchy  new age
glamourmag,  won  Queen amazing Christmas gift
glamourmag,   boost  UK economy $680 million
glamourmag, hit  MAJOR  family milestone
glamourmag,   Kate Middleton  BFFs  incredible Christmas pics
glamourmag,   Kate Middleton Christmas outfits  gift
glamourmag,Twitter  Ivanka Trump tweet 
glamourmag, banana  cake adorable reason
glamourmag,stopped smoking 
glamourmag, heartbreaking reason  soon
glamourmag, 2014 tribute Ivanka Trump
glamourmag, comprehensive guide  AMAZING style evolution
glamourmag,Barack Obama  tweeted  nicest message 
glamourmag, Diana
glamourmaguk,     cutest moments 
harpersbazaarus, imagine Serena Williams  bridesmaids 
harpersbazaarus, William  Kate Middleton  portraits different
harpersbazaarus,  fashion choices  different  Kate Middleton
harpersbazaarus, internet obsessed  'Love Actually' predicted      love  
harpersbazaarus,  adds needed representation   British Monarchy
harpersbazaarus,Barack Obama sweet message 
bazaaruk,   break  tradition   speech 
bazaaruk, beauty salon   swears  surprisingly affordable  
bazaaruk, big difference between Cambridge  photos
bazaaruk,People feelings  messy bun  
bazaaruk,     send adorable thank you cards well-wishers 
bazaaruk,      bring £500 million UK economy 
bazaaruk,photos compare  William  Kate
bazaaruk,economy flight
bazaaruk, bag break  protocol
bazaaruk,     break   tradition again  
bazaaruk,Idris Elba 
bazaaruk,defied  convention
bazaaruk, 11-year-old   arguing sexism  
bazaaruk,   ring  Diana diamonds  
bazaaruk,Cambridge thrilled
dailymail,Ivanka Trump slammed Twitter for wishing      a happy marriage  
usweekly,bridal party change  family tradition
huffpostcalife,     thank you cards are so sweet