﻿dailymail,  sister-in-law arrested 
mailonline,  sister-in-law arrested 
femail,Never-before-seen image awkward child modeling glasses untamed hair 
femail,  estranged sister DISASTER stop  father aisle
femail,DENIED' 
femail,friend 
femail,:  celebrating college graduation in a low-cut shirt - while snuggling up to a mystery man  https://t.co/hpsQrMd1KU
femail,Deal No Deal suitcase girl  
dailymailceleb,  sister-in-law arrested 
dailymailceleb,sexy Santa Deal No Deal 
dailymailceleb,Crown star Matt Smith PITIES 
dailymailceleb,ex-husband break-up
dailymailceleb,scantily-clad uitcase girl Deal No Dea
dailymailuk,Obama diplomatic row'
dailymailuk,difference Cambridge 
dailymailuk,  half brother  drunken brawl fiancee
dailymailuk,DENIED
dailymailuk,  sister-in-law arrested 
dailymailuk,  estranged sister hits back family  never 
dailymailuk," £56, engagement photos divides public opinion  "
dailymailuk,copy-Kate makeover Queen Christmas lunch  
dailymailuk,sexy Santa Deal  No Deal
dailymailuk,bra Deal No Deal
dailymailuk,bikini trilby hat 
dailymailuk,  estranged family gatecrash
scottishsun,messy bun 
scottishsun,Anti-monarchy protesters wamp Windsor homeless  rough sleepers 
scottishsun,  dad  hurt 
scottishsun, upsets  ‚ sister Samantha Grant family never 
scottishsun, invite Barack Obama
scottishsun,sexy Santa Deal  No Deal
scottishsun, bra 
scottishsun,.PiersMorgan  boozy 'date
scottishsun,Argos £33 
scottishsun,Glasgow Labour activists boo  Jeremy Corbyn congratulates 
thesun,break tradition
thesun,weird 
thesun,  half-sister  family secrets 
thesun,  sister blasts
thesun,sister-in-law‚ police mugsho boozy bust-up  
thesun, dad hurt  family  had
thesun,upset   sister
thesun,  pressured agents lie age
thesun,sexy Santa Deal  No Deal
thesun,fractured reclusive‚ father
thesun, reclusive dad Thomas
thesun,  dad recluse
thesun,break tradition 
thesun,secrets Deal No Deal 
thesun, dated
thesun,dad 
thesun, amily insist invited
thesun,obsession age 
thesun,piersmorgan blasts disturbed‚ Good Morning Britain creepy   mug 
thesun,piersmorgan suffers huge blunder GMB  sister 
thesun,piersmorgan boozy 'date' night
thesun,Deal  No Deal 
thesunshowbiz,pressured agents  lie age 
thesunshowbiz,bra short skirts  Deal No Deal
thesunshowbiz,Piers Morgan suffers blunder  sister Samantha
daily_express,Kate Middleton forced follow rule 
daily_express,Donald Trump misogynisti
daily_express,Eugenie DELAYED 
daily_express,ex-girlfriends Eugenie 
daily_express,cheaper  Eugenie
daily_express,Eugenie overshadowed
daily_express,nationality 
daily_express, invite Obama 
daily_express, rule breaker  ignored protocol signing autographs
daily_express,  BREAKS rules protocol breach panic security 
daily_express,William 'furious' 
daily_express,  William
daily_express,Handwriting expert fears   clash  issue  
daily_express,stealing  Kate Middleton  public
daily_express, last words sister  
daily_express,addictive Kate warns  social media dangers 
daily_express,William 
daily_express,]money father flaunting wealth 
daily_express,denied 
daily_express,  half-sister Samantha Grant
daily_express,  Psychic predicts  last  ]
daily_express, father hurt  shock family 
daily_express, sister family never
daily_express, snub Trump  President REFUSED invite 
daily_express,steal Kate Middleton  style public 
daily_express,hat 
daily_express,LooseWomen stars SLAM soap
daily_express,Body language exual sizzle
daily_express,old oldest 
daily_express,Kate
daily_express,SINGLE  votes against   shock poll 
daily_express,Prince Charles  Christmas gift
daily_express,  Kate Middleton US star influence British fashion 
daily_express,‚Boar Terminator German hunt
daily_express,  WRESTLES fight club shock 
daily_express,  dad 
daily_express,  father 
daily_express, Kate Middleton baby 
daily_express, Crown Matt Smith  PITIES  
daily_express,ugly fat
daily_express,ex-Cressida Bonas 
daily_express,Kate Middleton baby 
daily_express,childhood friend accuses MANUFACTURED 
daily_express,  STRIPPING old CV
daily_express,BALD 
daily_express,  body language Princess Diana‚ ‚legacy
daily_express, religion Jewish Catholic
daily_express, similar Sophie 
daily_express,STOP criticising Trump Brexit
daily_express, relatives CRASH  invite
daily_express, ‚BLAND Kate Middleton Janet Street Porter blasts LooseWomen 
daily_express,Piers Morgan GMB confession 
daily_express,Good Morning Britain suffers awkward   technical GAFFE GMB  
daily_express, parents Doria Thomas 
daily_express,forced PAY £1000 visa 
daily_express,Trevor Engelson ex husband 
daily_express,ThisMorning viewers FURIOUS coverage 
daily_express,  split first husband reason 
daily_express,subtle differences Wills Kate  
dailymirror,assistant Kate Wills happy 
dailymirror,last  half sister  sorrow  busy 
dailymirror,Donald Trump resent   snub
dailymirror,Tearful   sister-in-law arrested assaulting drunken  row
dailymirror, dad hurt
dailymirror,  sister fires back family 
dailymirror,spotted rude  outfit 
dailymirror,Psychic'  ghost Princess Diana warning 
dailymirror,People are pointing out something 'disgusting' about  ‚ engagement dress   https://t.co/O60XLWVOlH  https://t.co/JDfv9s74lC
dailymirror,ecurity risk past 
dailymirror,  half-brother arrested gun invite 
mirrorceleb,Eugenie  awkward
mirrorceleb,broken  important protocol
mirrorceleb,spend $75k dress  spend $75k dad
mirrorceleb,]messy bun different royal  Kate  
mirrorceleb,  Christmas present  mauled corgis 
mirrorceleb,Unconventional'
mirrorceleb,Psychic predicts  divorce 
mirrorceleb,  background family never
mirrorceleb,  sister fires back family  never 
mirrorceleb, pushed lie age
mirrorceleb,"  wild wedding - bikini games, booze"
mirrorceleb,dated Ashley Cole rat footballer  date
mirrorceleb,first marriage broke 
mirrorceleb,  ex-best friend fell  fame changed 
mirrorceleb,Creepy interview Craig Ferguson 
mirrorceleb,Porn searches
mirrorceleb, first husband Trevor Engelson 
mirrorroyal, fair for Kate Middleton
bbcnews,  sister   family 
guardian,represents mixed-race community
guardian,  Daily Mail dodge Brexit bullet 
guardian,  activism  check protocol 
guardian,  activist streak check protocol 
guardian,excited  British monarchy oppressive 
guardiannews,  activist streak check protocol 
mailonline, perfect 
mailonline,   love
femail,gave  Queen Christmas  loved 
femail, hilarious Christmas Queen 
femail,"transforming   Family Kate, Camilla  Diana wait  first unmarried partner Christmas lunch  Queen "
femail,Women  colour celebrate 'blackness'  Obama election 
femail,mother Diana   best friends 
dailymailceleb,Idris Elba 'role model women 
dailymailuk,Christmas present   gave  Queen  'HYSTERICS'  
dailymailuk,transforming   Family
dailymailuk,Women  colour celebrate 'blackness'  Obama election 
dailymailuk,Photo album celebrates  modern princess 
dailymailuk,roken  mould 
telegraph,global 'ambassador' British craftsmanship
telegraph,"hug helps shy Elodie,bloom "
telegraph, feminist
telegraph,economy flight  
telegraph,Sweet steely Hollywood vixen
telegraph,America loss gain.' Camilla Cornwall Charles 'delighted' 
telegraph,Cambridge William aabsolutely thrilled'
telegraph,Forget comparisons  Wallis Simpson Grace Kelly Premium 
telegraph,  on-screen partner Patrick J Adams 'lucky 
telegraph,"  said his mother,  Diana"
telegraph, Queen corgis  fonder 
telegraph,Marrying   happy ending happy beginning 
telegraphnews,hug helps shy Elodie bloom  
telegraphnews, feminist
telegraphnews,economy flight  
telegraphnews,new Diana charities 
telegraphnews,Cornwall  America loss gain
telegraphnews, Cambridge 'absolutely thrilled'
telegraphnews,  on-screen partner Patrick J Adams  'lucky
telegraphnews,America reacts elight   Barack Obama wishes  lifetime joy'
sun,   cake  amazing  
sun,  breaks   rules  Cardiff  
sun, sweet last conversation 
sun,Christmas gift  Queen  perfect  
sun,volunteered  soup kitchens  13  
sun,Tamara Ecclestone excited new neighbours 
sun,struggled break  acting  
sun,    happier  first public
sun, ring  Diana‚ diamonds
daily_express,Secret  love story  ring 
daily_express,  protected  Kate wing  bullies: 'Leave alone
daily_express, William  thrilled  personal reason 
daily_express,  sister  normal'   romance 
daily_express,Cambridge 'excited' happy couple
dailymirror,"Donald Trump divisive"" misogynist"
dailymirror,  break tradition  speech 
dailymirror,feminist 
dailymirror,Queen kind gesture household 
dailymirror,girls a role model  ethnicity'
dailymirror,nation sweetheart first official outing
mirrorceleb,  dad praises 'gentleman'    s pair  great match
mirrorceleb,     'fly economy  
mirrorceleb,Clues  change   family  steamy  photos 
mirrorceleb,Adorable modern 
mirrorceleb, fighting women rights  11
mirrorceleb, adorable 11-year-old 
mirror,Adoring  fan kisses   20 years  affectionate 'People  Diana offered admiring public  
mirror, feminist duty  
mirror,Group hug  love  children Release  mine
mirror,Lovely  Queen break tradition Christmas  
mirror, smashing traditions  first  Christmas 
mirror,black enough black roles white enough white ones acting struggles  
mirror,daddy princess
bbcnews,BarackObama  invite 
guardian,dreamed radical future 
guardian, shake  monarchy
guardian, California girl state shaped  identity  
guardian,    power  stylish rear-view image  
guardian,activism began  11-year-old 
guardian,"actor,   comes long line  trailblazing women"
guardian,respectable family  LA neighbors endorse 
guardiannews, average 
guardiannews, shake  monarchy