﻿femail,  reveals  keeps mind  body healthy  
femail,  opens facing racism sstarted dating    
femail,ady  lunches
femail, found love last 'besotted' Suits actress    
femail,plays  nephew  
dailymail,  family share enchanting photos younger days  
dailymail,inspiring generation poverty stricken young girls Africa 
dailymailceleb,inspiring generation poverty stricken young girls Africa 
dailymail_24,Following Diana footsteps  inspiring  generati poverty stricken 
dailymail_25,      keeps mind  body healthy      
dailymail_26,"Mindless TV, snuggling dogs  glass wine reveals keeps mind  body "
dailymail_36,style practical boots keep toes toasty winter         
dailymail_37,  shares guide holiday tips    
dailymail_41,Queen fully supportive grandson's romance
dailymail_54,  family share enchanting photographs  
dailymail_55, little girl grow steal heart
dailymail_68,     pens essay  racism  endured trolls
dailymailuk,Cambridge steal   sparkle 
dailymailuk,smash glass ceilings having 'glass slippers' 
dailymailuk,focus less  glass slippers  pushing  glass ceilings
dailymailuk, Cambridge delighted new-found romance   
dailymailuk,  friends  family royals lucky 
dailymailuk,new love  have found close  globe 
telegraphnews,Cambridge approved   plea trolls  leave  
telegraph, surprise  masterstroke 
usweekly,  charmed  William ‚  now  approval Queen Elizabeth 
usweekly,"Queen ""fully supportive"" romance "
usweekly,  pens  moving essay  experience biracial actress Hollywood  
usweekly,  writes emotial essay  biracial actress
usweekly,shares cute photo rescue puppy  Union Jack sweater
usweekly,  thanks fans support 
usweekly,"defended  racist, sexist trolls"
usweekly,sister-in-law awaits!  Kate looking forward  meeting
usweekly, Kate looking forward meeting 
usweekly,  Kate keen meet     
usweekly,stunning high school 
enews,  Upscale Style  Totally Achievable  
enews,Gregg Sulkin worked best
enews,Gregg Sulkin Reveals  Perfect princess 
enews, opening up  biracial 
enews,"  in love,  in love   ""H"" necklace"
enews,"  happy skip dessert,  red wine"
enews,Doing good  feeling good Hollywood easy.
enews, Queen spoken: Elizabeth Hurley rooting royal wedding
enews,"romance blossoms,  all smiles."
enews,classy.  
enews, more than  Instagram 
enews,Forever classy girl
dailybeast, perfect princess
dailybeast, spark  royal cultural revolution
sun,love
vancouversun,Holiday party dressing tips Suits star    
vancouversun,Sparkle Holiday party dressing tips Suits star   
bossip, William Supports 
popsugar, William supports 
popsugar,  pens incredibly inspiring essay   harsh realities fame
popsugaruk,  moving essay  feminism  philanthropy
popsugaruk, William fabulously
perezhilt, pens powerful essay  racial identity! Bravo! 
perezhilt,KateMiddlet meet   !  
nydailynews,  pens essay   biracial America  
mirrorroyal, little princess Family snaps show   LA childhood 
mirrorroyal,  pays adorable tribute
mirrorroyal,  urges Americans to vote for ir next President  
mirrorroyal,royal  besotted' 
mirrorceleb,kiss mistletoe  special gift 
mirrorceleb,William steps  defend  
mirrorceleb,     struggles  balance Hollywood glamour  third world reality
mirrorceleb, William  'fabulously' 
mirrorceleb,fairytale   fairytale princess
nydailynews,  pens essay   biracial in America 
elleaus,written moving essay  biracial
elleaus, loved 
elleaus,written powerful essay  balancing fame 
elleaus,Kate Middlet meet 
elleaus,style  fit princess
elleuk,Fitness Tips  Staying Healthy  
elleuk,Queen Elizabeth Approves 
elleuk,Inspiratial Quotes  
elleuk,"Fame Opportunity,  Respsibility"
elleuk, William Support    
elleuk,"Fame Opportunity,  Respsibility"
elleuk,"Fame Opportunity, Respsibility' "
ellemagazine,target fake royal scal
ellemagazine,Queen Elizabeth Approves
ellemagazine,  homage   adorable
ellemagazine,best looks
ellemagazine, William  Support 
ellemagazine, 'Deal or No Deal' girl  pictures  pure GOLD
ellemagazine,Fame Opportunity Respsibility
ellemagazine,"mom raised  global citizen,open  harsh realities' "
bbcnewsents,  praised 
instyle,best street style moments   new love interest fashion
instyle,Aww!   sweet gesture rom-com
instyle,ornaments love  Christmas tree
instyle,great royal
instyle,ElizabethHurley  royal seal  approval  
instyle,adorable matching bracelets
instyle, entrepreneur lifestyle site
instyle,tips ruling  office
instyleaus,painted      wearing  Diana tiara 
instyleaus,picture royal wedding
britishvogue,"sharp, polid style"
britishvogue,polid style
britishvogue,Polid Style: fashion pointers  actress 
britishvogue,rumoured tromantically   style 
voguemagazine,new lo-fi sensibility off-duty dressing
voguemagazine,all-weather classic
voguemagazine,  lot more than 
voguemagazine,new lo-fi sensibilityoff-duty dressing
voguemagazine,all-weather classic
voguemagazine,lot more than just girlfriend
vogueaustralia, Queen blessing 
vogueaustralia,chivalry
vogueaustralia,William approves
huffpostcanada,more than  'Other'  
huffpostcanada, William supports       
huffpostcanada,changing  world age 11 
huffpostcalife, more than 'Other'  
huffpostcalife, William supports     
huffpostcalife,changing  world age 11
huffpost,adorable 
huffpostent,  adorable 
usatodaylife, cute
usatodaylife, William backs privacy 
usatodaylife,"ccerned  'glass ceilings,' not 'glass slippers' "
usatoday,  pens revealing essay  biracial Hollywood 
usatoday, William backs      privacy 
time,biracial limited roles Hollywood 
time,  stylishly declares love
time,wrote moving letter   importance philanthropy  
guardian,Rejoice!   wedding rescue 
Guardian Opini,Rejoice!  wedding rescue 
Guardian Australia,Rejoice!  wedding  rescue 
glamourmag, beautiful 
msnsouthafrica,     pens essay  biracial 
msnsouthafrica,     modern-day princess 
msnuk,     pens essay  biracial 
tortostar, black  black white white actress
tortostar,Considering royals' history  race progressive shift
yahoostyleca,  street style
yahoostyleca,receives Kate royal stamp approval. 
yahoostyleuk,    opens up  biracial actress Hollywood  
yahoostyleuk,  penned important essay  juggling fame  philanthropy  
yahoostyleuk,  pens powerful essay  gender equality  fame  good 
yahoostyleuk, more than actress 
yahoostyleuk,more than  actress
yahoostyleuk,"Actress, feminist  humanitarian "