femail,  strips to her lingerie for a VERY saucy scene in Suits 
femail,"Lovestruck   took a 1,700-mile detour "
femail,Look away now  !   locks lips with another man in new movie 
femail,William dismay at  public plea over 
dailymail,sad family rift with her older half-sister  
dailymailceleb,kisses another man her latest TV movie 
dailymailceleb,Don't mess with actress shows tough side 
dailymailceleb, Andrew has some warning words for  new 
dailymailceleb, rumored flame   flunks a Britishism‚ test 
dailymail_28,pub drinks with his friend and mentor as wraps up against freezing temperatures 
dailymail_38,strips to her underwear for a VERY racy bedroom scene in Suits     
dailymail_45, sad rift from her sister is revealed by family
dailymail_50,holds hands with her onscreen boyfriend Patrick J Adams in Suits  
dailymail_53,  sneaks in hunting trip to Bavaria while   films in Canada
dailymail_61,marrying   would have sent Royal Family into fury 80 years ago
dailymail_84,hasty exit: Besotted  leaves    Toronto apartment under cover of dusk 
dailymail_85,  'broke royal protocol in dash to see  ' 
dailymail_89,"Lovestruck   takes a 1,700-mile diversion to see "
dailymail_90, smooches another man new movie The Dater Handbook 
dailymail_91,Look away now !     locks lips with another man a scene from her latest TV 
dailymailuk,New royal row after topless photographs of      are leaked online  
dailymailuk, William dismay at  'hot-headed' public plea over 
dailymailuk,  was once a glamorous assistant on US Deal or No Deal 
dailymailuk,  secretly dated English model while wooing
dailymailuk,  won over new    'with a dirty weekend in Hollywood' 
dailymailuk,  'would be appalled' if he knew truth about rumoured new 
femail,Was   dating a British model WHILE wooing actress 
dailymail_47,Topless photos of      are leaked 
dailymail_56,     chose acting over foreign service career
telegraphnews,  breaches Royal policy as he jets off to see   at end of Caribbean tour 
telegraphnews,Watch      take a 'Britishness test' - and fail 
telegraphnews,"     would not fit in with the Royal family, her half-sister claims"
pagesix,  just extended his controversial (and expensive) vacation with  
usweekly,gushed about liking British men in a newly resurfaced interview
enews,Did   break royal protocol to visit  ? The latest clues she dropping about their relationship
thedailybeast,"Will Price  ""very bloody"" shooting weekend appall animal lover"
thedailybeast,British press is fuming over   actively lying about flying to visit   :
thesunshowbiz, ‚new    shares steamy kiss with co-star in crime drama directed by Amy Winehou
thesunshowbiz, ‚   strips off in steamy scene from American show Suits  
thesunshowbiz, ‚rumoured    poses for racy bra-flashing photoshoot for Men‚Health 
thesunshowbiz, ‚‚Äòsecret ‚   strips down to her underwear for racy sex scene  
thesun,  shares steamy kiss with co-star - watch out  
thesun,  new love   has competition  
thesun,William isn't happy with 'hot-headed'  emotional outburst  over  
thesun,  sister has a shocking warning for  
scottishsun,  clearly can‚ get enough of   as she hails a ‚Royal  taxi 
scottishsun,  shows off new gift from boyfriend   
scottishsun, William 'dismayed' after  confirms   relationship 
scottishsun, ‚new flame   is  social climber‚ who ‚ is not fit to be royal‚ says her SISTER 
nationalpost,"Absolutely besotted‚   diverts flight home 2,700 km to see   in Toronto."
vancouversun,"‚ÄòAbsolutely besotted‚   diverts flight home 2,700 km to see   in Toronto"
bossip,  Determined To Wed   Despite Duchess Of Cornwall Hating On Her
popsugar,  ditches his staff and heads to Canada to visit  
popsugaruk,  ditches his staff and heads to Canada to visit  
mirrorroyal,"Watch out  , you've got competition - and her name is Avis Collis  "
mirrorroyal,  'was secretly dating English model Sarah Ann Macklin' while romance with 
dailymirror,  joined by glamorous ss at England vs Springboks - but where 
dailymirror,  'new love'   'will leave USA if Trump wins'
huffpostcanada,"  doesn't deserve   as his 'Nubian Queen,' writes RachelDecoste "
huffpostcanada,"  should dump  , writes RachelDecoste"
glamourmaguk,  Britishness was put to the test  
msn,"From thedailybeast: Inside  ‚troublesome Toronto layover to see , US actress "
msnsouthafrica, William thinks his brother  'made a mistake' by releasing statement 
msnuk, William thinks his brother  'made a mistake' by releasing statement 
yahoostyleuk,"Seems like   GF   has always had a thing for British men (well, who can blame her) "
yahoostyleuk,  gushed about British men in 2013 interview 
mirrorceleb, William is 'deeply unhappy' with 'hot-headed' brother  after   statement
mirrorceleb,     shows off her cooking skills ahead of Thanksgiving
mirrorceleb,Piers Morgan gives Hub dating advice and revealsthe perfect way to woo 
mirrorceleb,  strips NAKED in seductive sex scene for Suits - what will the Queen say?
mirrorceleb,Watch      in her forgotten flop Hollywood role 
mirrorceleb,  AWKWARD interview in which the host jokes about her in a school uniform
mirrorceleb,  rumoured American    FAILS British quiz miserably 
mirrorceleb,  and   will never last because of her drama - claims Wendy Williams 
telegraphnews,"     would not fit in with the Royal family, her half-sister claims "
harpersbazaarus,"  has Ambitions To ""Become a ss,"" Claims Her Half-Sister "
radar_online,Nudity ; Noses! Notoriously Topless   Secret Plastic Surgery Exposed! 
radar_online,"Sorry, ! Nude Photo Of     Leaks!  "
radar_online, ‚Bikini Body REVEALED! 