﻿femail,  reveals  keeps mind  body healthy  
femail,  opens facing racism sstarted dating    
femail,ady  lunches
femail, found love last 'besotted' Suits actress    
femail,plays  nephew  
dailymail,  family share enchanting photos younger days  
dailymail,inspiring generation poverty stricken young girls Africa 
dailymailceleb,inspiring generation poverty stricken young girls Africa 
dailymail_24,Following Diana footsteps  inspiring  generati poverty stricken 
dailymail_25,      keeps mind  body healthy      
dailymail_26,"Mindless TV, snuggling dogs   wine reveals keeps mind  body "
dailymail_36,style practical boots keep toes toasty winter         
dailymail_37,  shares guide holiday tips    
dailymail_41,Queen fully supportive grandson's romance
dailymail_54,  family share enchanting photographs  
dailymail_55, little girl grow steal heart
dailymail_68,     pens essay  racism  endured trolls
dailymailuk,Cambridge steal   sparkle 
dailymailuk,smash  ceilings having ' slippers' 
dailymailuk,focus less   slippers  pushing   ceilings
dailymailuk, Cambridge delighted new-found romance   
dailymailuk,  friends  family royals lucky 
dailymailuk,new love  have found close  globe 
telegraphnews,Cambridge approved   plea trolls  leave  
telegraph, surprise  masterstroke 
sun,love
mirrorroyal, little princess Family snaps show   LA childhood 
mirrorroyal,  pays adorable tribute
mirrorroyal,  urges Americans to vote for ir next President  
mirrorroyal,royal  besotted' 
mirrorceleb,kiss mistletoe  special gift 
mirrorceleb,William steps  defend  
mirrorceleb,     struggles  balance Hollywood glamour  third world reality
mirrorceleb, William  'fabulously' 
mirrorceleb,fairytale   fairytale princess
guardian,Rejoice!   wedding rescue 
Guardian Opini,Rejoice!  wedding rescue 
Guardian Australia,Rejoice!  wedding  rescue 