﻿dailymailuk,     DROP bid trademark   name commercial charity activities
dailymailuk,     security cost paid  Canadian taxpayers  financial support  end 
dailymailuk, William fears      return UK overshadow 
dailymailuk,blast      unsustainable security plans 
dailymailuk, biographer Tom Bower blames    piteful statement  dropping   
dailymailuk,earn £85000  Instagram post  financially independent 
dailymailuk,     complaint   hidden dig 
dailymailuk,   Megxit
dailymailuk,Palace aides cringed    behind  scenes Vogue video  warned Megxit meme 
dailymailuk,     AXE all 15 UK staff 
dailymailuk,     slammed  support mental health campaign run 
dailymailuk,less stressed life  
dailymailuk,Queen asks      pause  lifestyle  Commonwealth Service 
dailymailuk,     feel weight  lifted  left   family 
dailymailuk,     promote Instagram  focuses  kindness
dailymailuk, Kate Middleton  Megxit 
dailymailuk,Megxit job  Canadian reality TV show  Netflix  
dailymailuk, regretted giving up professional career
dailymailuk,politically engaged  intervene  U.S. presidential election
dailymailuk,      pay  OWN security commercial jobs
dailymailuk, 80000 Canadians sign petition deming      pay own  MP  Victoria  
dailymailuk,Diana biographer       charities biggest losers  Megxit  
dailymailuk, Piers Morgan  row  racism debate  
dailymailuk, Charles use multi-million-pound legacy King George VI  fund   
dailymailuk,Loose Women Saira Khan        race 
dailymailuk,  expresses interest £21 million waterfront mansion  Canada  
dailymailuk,BBC Question Time guest Laurence Fox  furious   racism debate
dailymailuk,Canada biggest newspaper  welcome   country halfway house
dailymailuk,Priti Patel dismisses  faced racist press coverage
dailymailuk,  ex Cressida Bonas  Megxit crisis  
dailymailuk,UK taxpayers pay      £600000 security  £130000 travel cost
dailymailuk,titles  
dailymailuk,Scotland Yard review      publicly-funded protection officers  
dailymailuk, STAY at Frogmore Cottage  taxpayers funded  £2.4 million renovation  
telegraph,Optimism surrounding   eroded  occurrence rapid-onset racism actions  behaviour
sun,     stop using   brand Queen ban  
sun,  behind  scenes Vogue video left Palace aides cringing  fearing social media backlash
sun,AXED all 15 of UK staff 
sun,    paid £770000 JP Morgan  rapy  
sun,     beef up security at £11m Canadian bolthole with new CCTV  tarpaulin barrier  
sun, millions dramatic Megxit sparks  Instagram boost  
sun, attempt  trademark   blocked  
sun,     petition signed  80000 Canadians deming Megxit pair pay  own security  
sun,£21 million mansion   eyeing  Canada
sun,Queen privately furious £2.4 million      spent Frogmore refurb  move 
sun,Racism blame unpopularity  treatment Queen  taxpayers 
sun,piers morgan   victim racism  fat white gammon Twitter
,Megxit
,Megxit
sun,Megxit memes light  Twitter       crisis sends internet wild  
,meme internet
,Megxit summit
,Megxit summit
,Megxit summit
,Megxit summit
,Megxit summit
sun,Piers Morgan LA stoner US 
sun,Piers Morgan erupts  fury racist   debate  GBM   
sun,     feel pushed bullying  William  turmoil 
,Kate Middleton
,Kate Middleton
,Kate Middleton
sun,Fears      RACIST in no-holds barred interview  
sun, Canadian mansion £134 budget flight  
sun, move  cost taxpayers millions  security cost
sun,   Frogmore cottage taxpayers spent millions  renovations 
sun,     trademarked 100 items  pencils socks   brand
,title Piers Morgan
daily_express,Fury on GMB rude   Queen   
,outrage blame
,Kate Middleton
,queen
,Kate Middleton
daily_express,     br   is being reviewed  https://t.co/IqhtsLRhGx
,queen victim
,Kate Middleton william title
,British citizenship
,regrets giving  acting career 
,kate wiiiam decision
,warning
,devastating
daily_express,Can you guess  shocking amount    could earn from ir br?  Family   https://t.co/lVLIEEt9Ol  https://t.co/aRsflVJcMV
,earn
daily_express, bullied  Queen GMB host Piers Morgan Queen
,william warning
,Fury Canada security cost
daily_express,Piers Morgan furious tirade  taxpayers money GMB 
daily_express,canadian taxpayers  MILLIONS 
daily_express,financially independent
daily_express,brand commercial
daily_express, Selfish fool queen
daily_express,brand taxpayers
daily_express,duties duties duties duties
daily_express,brand furious fans
daily_express,warned decisin destorying
daily_express,Piers Morgan rages 
dailymirror,security bill
,digs complaints bombshell
,Megxit Megxit
,bar
,sack 15 UK  close office
,sack 15 UK  close office
,no regrets life 
,communities battling deadly bush fires moving
dailymirror,titles
,Megxit sadness sadness
,titles
,welcome welcome conada
,william challenging
,estimated cost private security
,duties
,queen lose titles
,move
,warning
,queen lose titles
,full-time
,full-time
,full-time
,full-time
,full-time
,full-time
,full-time
,crisis
,BRITS
,queen lose titles
,shoddy
,600000 security reviewed  Scotl Yard
,security
,taxpayers
,financially independent
,titles
,  Brand
telegraph,earn  own living: What    learn  tech-savvy Dutch  
telegraph, blame  
telegraph,  best friend ends love  bullies cryptic Instagram post 
telegraph,Jeremy Corbyn agrees concerns racial undertones  press coverage 
daily_express,  absolutely right: Helen Mirren blasts  attacks inew interview 
,blame
daily_express, Bill Turnbull defends  decision 
daily_express,BRITS 2020 winner Dave calls Boris Johnson  UK treatment RACIST  racist
dailymirror,abuse
,Oprah Winfrey Winfrey Winfrey friendship