﻿pagesix, feels  insulted  Megxit  
pagesix,: Oprah Winfrey opens up  support  decision  
etnow,support moves Oprah team 
,protect backlash
,fans
dailybeast,Daily Show breaks  racist  British press coverage 
,Oprah
dailybeast, British media. stop cooperating  long-established rota system  journalists covering  UK  
,fans support rally 
,fans support  
popsugar,Helen Mirren praises  fantastic addition 
ellemagazine,Serena Williams
,Netflix Interested
, Kate Middleton  Birthday Instagram
,move
instyle,stop using titiles 
,mom mom mom mom mom Doria  Doria  Doria  Doria  Doria  Doria  Doria 
,Queen Elizabeth
,support 
,diana support
,Hillary Clinton Shows Social Media Support
,titles lose
voguemagazine,next career
,Happy Birthday Kate Middleton
,gift gift
huffpost,media treatment
,support
,Queen Elizabeth
,support 
,fans
time, financially independent
glamourmag, quiet life canada
harpersbazaarus,Need Security
, quiet life canada
,Strength   Mom Doria
,OK
,Hillary Clinton Shows Social Media Support
,Serena Williams
enews,Queen Elizabeth Shows Subtle Support
,Queen Elizabeth Shows Subtle Support
,protect sufferd
,Serena Williams
pagesix, mansion!     eyeing  $7 million Malibu mansion 
pagesix,backlash UK 
pagesix,80K Canadians sign petition  pay  security  
pagesix, British citizenship Megxit  
pagesix,british citizenship
pagesix, titiles
pagesix,Megxit Megxit Megxit Megxit Megxit 
pagesix,Britons want      stripped of  titles: poll  
pagesix,      avoid British press media policy  
usweekly,tension Queen Elizabeth 
etnow,
etnow,brand name queen 
etnow,instagram instagram instagram instagram
,Queen Elizabeth  ill
,Good Riddance!  William  Kate Middleton  Happy      Moved  Canada!  
dailybeast, Canadian government stop paying security 
dailybeast,    using  brand  following 
,lay off staff
dailybeast," lose ""  money"
dailybeast,use titles receive no public funding   duties   repay $3 million  public money used refurbish  home
instyle,Canada  no longer pay  security
voguemagazine,withdrawn  trademark applications for  use of  
,Diana chef manipulated
,Diana chef manipulated
,Diana chef manipulated
usatoday,drop drop drop drop drop drop drop 
,titles
time,dropping  bring social media profiles
,no longer use  titles top receiving public funds duties
glamourmag,Kate Middleton william title
,lose security
enews,Canadian government
,no longer payed canada
,brand
,no longer receive public funds
,Lose HRH Titles
,queen split deals
,money