﻿telegraph,earn  own living: What    learn  tech-savvy Dutch  
telegraph, blame  
telegraph,  best friend ends love  bullies cryptic Instagram post 
telegraph,Jeremy Corbyn agrees concerns racial undertones  press coverage 
pagesix, feels  insulted  Megxit  
pagesix,: Oprah Winfrey opens up  support  decision  
etnow,support moves Oprah team 
,protect backlash
,fans
dailybeast,Daily Show breaks  racist  British press coverage 
,Oprah
dailybeast, British media. stop cooperating  long-established rota system  journalists covering  UK  
,fans support rally 
,fans support  
popsugar,Helen Mirren praises  fantastic addition 
daily_express,  absolutely right : Helen Mirren blasts  attacks inew interview 
,blame
daily_express, Bill Turnbull defends  decision 
daily_express,BRITS 2020 winner Dave calls Boris Johnson  UK treatment RACIST  racist
dailymirror,abuse
,Oprah Winfrey Winfrey Winfrey friendship
ellemagazine,Serena Williams
,Netflix Interested
, Kate Middleton  Birthday Instagram
,move
instyle,stop using titiles 
,mom mom mom mom mom Doria  Doria  Doria  Doria  Doria  Doria  Doria 
,Queen Elizabeth
,support 
,diana support
,Hillary Clinton Shows Social Media Support
,titles lose
voguemagazine,next career
,Happy Birthday Kate Middleton
,gift gift
huffpost,media treatment
,support
,Queen Elizabeth
,support 
,fans
time, financially independent
glamourmag, quiet life canada
harpersbazaarus,Need Security
, quiet life canada
,Strength   Mom Doria
,OK
,Hillary Clinton Shows Social Media Support
,Serena Williams
enews,Queen Elizabeth Shows Subtle Support
,Queen Elizabeth Shows Subtle Support
,protect sufferd
,Serena Williams