﻿dailymailuk,Ofcom Julia Hartley-Brewer
daily_express,Idris Elba voice
thesun,underlying racism
dailymirror,Michelle Obama racism claims  
dailymirror,losing diversity inclusivity
dailymirror,philips funeral personal meaning
usweekly,intentional maintaining mental  physical health 
usweekly,Serena Williams
usweekly,Serena Williams
usweekly,diverse
usweekly, tell-all
usweekly,Women powerful message
usweekly,tell-all intend negative
etnow,tribute  Philip
etnow,Idris Elba
etnow,Serena Williams
etnow,touching letter InternationalWomensDay InternationalWomensDay InternationalWomensDay
etnow,privacy life
etnow,truth
etnow, courage struggles  mental health personal story white house
etnow,InternationalWomensDay 
etnow,Celebrities support Celebrities Celebrities Celebrities
popsugar,respects  Philip
popsugar,Serena Williams  support
popsugar,tell-all scobie
popsugar,empowering women
popsugar,Diana Diana
popsugar,Biden Biden
popsugar,InternationalWomensDay
popsugar,empathy  compassion friend friend friend
ellemagazine,Privately Honored  Philip
ellemagazine,Missing Philip tension
ellemagazine,Sorrow  Shock
ellemagazine,Michelle Obama
ellemagazine,Struggle email email friend 
ellemagazine,Courage Leadership Applauds
ellemagazine,Beyonc√ Beyonc√ Beyonc√ Beyonc√
instyle,thoughtful gesture 
instyle,Invisible Contract  UK Tabloids
instyle,offer support
instyle,tribute  Philip
instyle,Diana 
instyle,free
instyle,mom Doria Ragland freedom
instyle,Serena Williams  support BFF BFF BFF
instyle, Women
instyle,Kate Middleton cry email
instyle,wellbeing mom 
instyle,courage leadership
instyle,Beyonc√
instyle,wealthy white privileged man power influence aggravate escalate  bigoted sexist racist misogynist attacks 
instyle,chance free daiana
voguemagazine,Kate Middleton forces racism  sexism
voguemagazine,Megxit Wallis Simpson true
huffpost,mission vaccine equity
huffpost,New Zealand unsurprised
huffpost,tell-all masterclass 
time,monarchy 
time,Firm
glamourmag,personal handwritten
harpersbazaarus,Biden COVID Vaccine Benefit Concert
harpersbazaarus,Serena Williams  Epitome  Strength
harpersbazaarus,Women  Cake Women cake cake cake
harpersbazaarus,Michelle Obama Forgiveness Forgiveness
harpersbazaarus,Touching Letter InternationalWomen'sDay
harpersbazaarus,Beyonc√ Inspired
harpersbazaarus,Serena Williams Support Selfless Friend Selfless Friend Selfless Friend Selfless Friend
harpersbazaarus,Racism Racist
enews,Tribute  Philip
enews,Special Meaning Funeral Wreath  Philip
enews,honoring Philip funeral
enews,Wishes tension
enews,Serena Williams Decided
enews,Michelle Obama
enews,Refusing  Evolve Tell-All Evolve  Tell-All
enews, Email  Kate Middleton email
enews,Struggles friend
enews,Beyonc√ Applauds  Courage Tell-All
enews,Diana
enews,Hillary Clinton Highlight Heartbreaking
enews,Privacy
enews,Peace truth
enews,Serena Williams Slams Malicious Sexism and Racism