﻿pagesix,calmer quit
pagesix,last
pagesix,center attention
pagesix,Philip madness
pagesix,Cops nine times  nine months 
pagesix,Megxit doubt
pagesix,wrong American
pagesix,Archbishop  Canterbury exposes  lie
pagesix,president
pagesix,Kate Middleton believe cry
pagesix,marriage certificate contradicts secret wedding claim
pagesix,secret wedding
pagesix,Kate Middleton mortified cry
pagesix,bullying claim
pagesix,first biracial member 
pagesix,secret wedding
pagesix,divorce
pagesix,US president
pagesix,13 trips passport
pagesix,Prince William defends racism claims 
pagesix,arrogant expecting security Megxit
pagesix,Piers Morgan  believe 
pagesix,narcissistic personality disorde half-sister
pagesix,Piers Morgan criticism
pagesix,defends
pagesix, lying
pagesix,Archie title
usweekly, Diana  Diana  Diana
usweekly,Queen Elizabeth  repair
usweekly, tell-all
usweekly,believes  Archie l title  tradition
usweekly,passport 
usweekly,tell-all love support
usweekly,Philip queen
usweekly,support Serena Williams  tell-all 
usweekly,CBS CBS CBS
usweekly, rift  Diana
radar_online, president
radar_online, different half-sister
thedailybeast, Albert of Monaco dissatisfaction display conversation
thedailybeast,Clinton politics
thedailybeast,wedding certificate
thedailybeast,liar
thedailybeast,madness
ellemagazine,Bullied Aides Bullied Aides Bullied Aides
ellemagazine,Archbishop Canterbury wedding drama 
enews,Albert
enews,Albert
usweekly,intentional maintaining mental  physical health 
usweekly,Serena Williams
usweekly,Serena Williams
usweekly,diverse
usweekly, tell-all
usweekly,Women powerful message
usweekly,tell-all intend negative
etnow,tribute  Philip
etnow,Idris Elba
etnow,Serena Williams
etnow,touching letter InternationalWomensDay InternationalWomensDay InternationalWomensDay
etnow,privacy life
etnow,truth
etnow, courage struggles  mental health personal story white house
etnow,InternationalWomensDay 
etnow,Celebrities support Celebrities Celebrities Celebrities
popsugar,respects  Philip
popsugar,Serena Williams  support
popsugar,tell-all scobie
popsugar,empowering women
popsugar,Diana Diana
popsugar,Biden Biden
popsugar,InternationalWomensDay
popsugar,empathy  compassion friend friend friend
ellemagazine,Privately Honored  Philip
ellemagazine,Missing Philip tension
ellemagazine,Sorrow  Shock
ellemagazine,Michelle Obama
ellemagazine,Struggle email email friend 
ellemagazine,Courage Leadership Applauds
ellemagazine,Beyonc√ Beyonc√ Beyonc√ Beyonc√
instyle,thoughtful gesture 
instyle,Invisible Contract  UK Tabloids
instyle,offer support
instyle,tribute  Philip
instyle,Diana 
instyle,free
instyle,mom Doria Ragland freedom
instyle,Serena Williams  support BFF BFF BFF
instyle, Women
instyle,Kate Middleton cry email
instyle,wellbeing mom 
instyle,courage leadership
instyle,Beyonc√
instyle,wealthy white privileged man power influence aggravate escalate  bigoted sexist racist misogynist attacks 
instyle,chance free daiana
voguemagazine,Kate Middleton forces racism  sexism
voguemagazine,Megxit Wallis Simpson true
huffpost,mission vaccine equity
huffpost,New Zealand unsurprised
huffpost,tell-all masterclass 
time,monarchy 
time,Firm
glamourmag,personal handwritten
harpersbazaarus,Biden COVID Vaccine Benefit Concert
harpersbazaarus,Serena Williams  Epitome  Strength
harpersbazaarus,Women  Cake Women cake cake cake
harpersbazaarus,Michelle Obama Forgiveness Forgiveness
harpersbazaarus,Touching Letter InternationalWomen'sDay
harpersbazaarus,Beyonc√ Inspired
harpersbazaarus,Serena Williams Support Selfless Friend Selfless Friend Selfless Friend Selfless Friend
harpersbazaarus,Racism Racist
enews,Tribute  Philip
enews,Special Meaning Funeral Wreath  Philip
enews,honoring Philip funeral
enews,Wishes tension
enews,Serena Williams Decided
enews,Michelle Obama
enews,Refusing  Evolve Tell-All Evolve  Tell-All
enews, Email  Kate Middleton email
enews,Struggles friend
enews,Beyonc√ Applauds  Courage Tell-All
enews,Diana
enews,Hillary Clinton Highlight Heartbreaking
enews,Privacy
enews,Peace truth
enews,Serena Williams Slams Malicious Sexism and Racism