﻿dailymailuk,Ofcom Julia Hartley-Brewer
daily_express,Idris Elba voice
thesun,underlying racism
dailymirror,Michelle Obama racism claims  
dailymirror,losing diversity inclusivity
dailymirror,philips funeral personal meaning
dailymailuk,William  Kate Middleton anniversary shots snaps William  Kate Middleton marry
dailymailuk,snaps
dailymailuk,Queen summit
dailymailuk,isolate return US
dailymailuk,center attention Prince Philip  funeral  Prince Philip  funeral
dailymailuk,pregnant return US
dailymailuk,pregnant
dailymailuk,Piers Morgan slam job GMB
dailymailuk, return  UK
dailymailuk,Nicola Brentnall
dailymailuk, bullied staff 
dailymailuk,wrong  wedding believe
dailymailuk,admit marry secret three days before wedding
dailymailuk,Queen  sad
dailymailuk,GMB Piers Morgan quit row GMB Piers Morgan quit row 
dailymailuk,Philip
dailymailuk,Kate Middleton cry bridesmaids dresses row 
dailymailuk,Sussex Royal monogram stationery Archewell logo
dailymailuk, GMB Piers Morgan 
dailymailuk,Nigel Farage slam leading victim status defend racism claims
dailymailuk,Piers Morgan  liar
dailymailuk,Piers Morgan quits GMB Ofcom
dailymailuk,Piers Morgan  GMB  furious row
dailymailuk,bombshell
daily_express,melodrama claim
daily_express, chaos bombshell crisis
daily_express,wedding worry
daily_express,William
daily_express,break  tradition
daily_express,  Kate distance
daily_express,William struggle forgiv
daily_express,popularity  UK  decreased  poll 
daily_express,Kate  William save crown
daily_express,Charles strip HRH styles  status  king
daily_express,court battle
daily_express, treatment
daily_express,self-centred rant
daily_express,desperate  stay relevant
daily_express,disgraceful
daily_express,reconcile 
daily_express,Queen attention
daily_express,Charles relieved calmer life
daily_express,Britons furious PR stunt leaked  funeral wreat
daily_express, problems Charles  monarchy  monarchy
daily_express,Charles  monarchy  monarchy
daily_express,exit military uniform
daily_express,Nigel Farage Piers Morgan Assault  monarchy  Piers Morgan fight back Piers Morgan fight back
daily_express, funeral Philip  funeral  funeral Philip  funeral
daily_express,Wallis Simpson
daily_express,escape back rush
daily_express,funeral uniform ban queen 
daily_express, funeral Philip  funeral leave UK return
daily_express, apologise apologise
daily_express,bombshell
daily_express,join
daily_express,aggressive legal team
daily_express,star
daily_express, Queen wedding 
daily_express,damage  poll
daily_express,isolate 
daily_express,half-sister half-sister
daily_express,Piers Morgan  funarel fallout
daily_express,nonsense problem staff
daily_express,acting queen
daily_express,Piers Morgan parody video mocking
daily_express,Bishop Megxit  anti-monarchy swipe
daily_express,Kate Middleton dazzled Covid pandemic as Meghan MarkleUS brand
daily_express,true Piers Morgan tears 
daily_express,Piers Morgan slams trolls opinion GMB exit Piers Morgan slams trolls opinion GMB exit
daily_express,Piers Morgan demands  name help  mental struggle
daily_express,apology
daily_express,truth facts
daily_express,ultimate ambition US president
daily_express,Anne concerns wedding
daily_express,complain complain complain complain complain complain complain complain complain
daily_express,Ofcom
daily_express, wedding row incorrect
daily_express,truth
daily_express,mistake expose          expose
daily_express, media attack dismantled
daily_express,bizarre wedding claim claim claim claim
daily_express,fans fans
daily_express,cornered Kate crying claim
daily_express,bored tierd
daily_express,posing  oppressed Piers Morgan
daily_express,criticise criticise criticise criticise
daily_express,UK taxpayers  wedding claim
daily_express,irrelevant
daily_express,Kate Middleton  crying
daily_express,wedding claim
daily_express,Dragons' Den Dragons' Den Dragons' Den Dragons' Den ego swipe
daily_express,Archbishop Canterbury wedding claim
daily_express,ignore
daily_express,president
daily_express,sexist claim sensitive GMB
daily_express,ambitious US President
daily_express,break royal baby protocol  Megxit 
daily_express,Piers Morgan demands Archbishop  Canterbury apologise
daily_express,mental health admission question
daily_express, Archbishop denial
daily_express,Kate Middleton threatened
daily_express,return row
daily_express,Montecito neighbours exit prices saor
daily_express,row
daily_express, successful Megxit
daily_express,mental health claim help
daily_express,rule  break Queen ban
daily_express,claims backfire  Queen  endeared' nation
daily_express,Kate peace offering
daily_express,US President
daily_express,Piers Morgan row
daily_express,Hillary Clinton adviser president
daily_express,wedding
daily_express,secret wedding claim
daily_express,Megxit claim
daily_express,victimhood
daily_express,Philip hospital 
daily_express,Ofcom complaints
daily_express,truth truth
daily_express,evidence
daily_express,marriage William rift
daily_express,Britons side  Piers Morgan  row GMB
daily_express,Archie Archie Archie Archie Archie title mislead Archie Archie Archie Archie Archie title title title
daily_express,backlash
daily_express,president president president
daily_express,Philip hospital Philip hospital Philip hospital Philip hospital Philip hospital Philip hospital Philip hospital
daily_express,Queen charles charles queen
telegraph,believe
telegraph,wealth luxury in sunny California institution  institution dislile
telegraph,Academy Academy trouble
thesun,Philip funeral centre attention
thesun,Piers Morgan  row
thesun,divorce sister
thesun,Queen
thesun,William racist
thesun,Piers Morgan job offers ITV demanded apology
thesun,Piers Morgan quit GMB
thesun,booed  public return UK
thesun,calmer kicking off
dailymirror,misses Queen 95th birthday reeturn
dailymirror, pregnant  Philip funeral
dailymirror,centre attention stay stay stay US 
dailymirror, Archbishop wedding
dailymirror,wedding dress surprised  Queen
dailymirror,damaged  reputation
dailymirror,Queen  continue acting
dailymirror,believe bullied
dailymirror,Anne objected Anne objected Anne objected
dailymirror,popular
dailymirror,donation secret 'reputation issues charity
dailymirror,marry wedding
dailymirror,certificate
dailymirror,Charles
dailymirror,president
dailymirror,Kate Middleton  cried bridesmaid dress fitting  both both
dailymirror,president
dailymirror,bullying allegations
dailymirror,foreign holidays pssport
dailymirror,Queen offers blanket Queen offers blanket row
dailymirror,Piers Morgan  believe  suicidal thoughts
dailymirror,Kate cry
dailymirror,Charles
dailymirror,disloyal bombshell
dailymirror,Philip
dailymirror,opinion opinion opinion Piers Morgan