﻿pagesix,horrified rew BBC interview 
pagesix, snub Queen Christmas festivities
pagesix,  estranged half-bror steals ad  
pagesix,New beer ad pain 
pagesix,Queen Elizabeth  remove   photo
pagesix,scrubbed   Foundation
etnow,following  emotional documentary
radar_online,Wendy Williams  slamming omments    difficulties life.  
radar_online,William  furious   'damaging' tell-all interviews.
dailybeast,horrified York dismissed allegations sex Virginia Roberts Giuffre  
dailybeast,"Trump:  media coverage  personally"""
dailybeast, Queen William  Charles uneasy  unilateral actions  wife   recent two-pronged attack  press 
dailybeast, Mail Sunday  mocked  belittled   every opportunity fight back.  media bullies dangerous strategy
dailybeast,  is deliberately seeking to transmit a humble image on her trip to South Africa  https://t.co/nTw2dQy7uq
perezhilton,  ditch  traditional Christmas celebrations 
perezhilton, signs Queen Elizabeth prefers Kate Middleton 
perezhilton,Kate Middleton miserable drama. 
perezhilton,"Queen Elizabeth ""delighted"" considering leaving   "
perezhilton, Queen Elizabeth  shading      photo GONE table!
perezhilton,  Prince  America 
ellemagazine,Spending Thanksgiving   US
ellemagazine,William 'Worried' ITV Interview 
ellemagazine,    Will  US Six Week Break
instyle, spending  holidays  mother Doria
instyle,    alleged break   duties  lasting longer  spend Christmas
harpersbazaarus,Spend Thanksgiving  America
enews, Skip Queen Elizabeth  Annual Christmas Festivities  
enews,    Photo Missing  Table
enews,"    Interviewer Rosy Behind  Scenes""  https://t.co/ovhl0CDPkz"
,rosy doctor
enews,Rumored Rift With William    Struggle Addressed  Documentary: 
,move move move move  Africa Africa Africa
,US
enews,  father forced letter   letter
enews,  father defending  public  letter estranged daughter  pursue  legal battle against  British tabloid 
enews,  Father Thomas   Private Letter 
huffpost,Wendy Williams  support  emotional interview  ITV News
dailymailuk,  blasts rew:   'troubled' Newsnight interview 
dailymailuk,  British citizenship  
dailymailuk,Rspend Christmas 
dailymailuk,  half-bror Thomas  family feud 
dailymailuk,Piers Morgan digs 
dailymailuk,Kate Middleton   struggles ITV documentary
dailymailuk,considering  US  
dailymailuk,  face  face  William  Kate Middleton 
dailymailuk,adviser  single-hedly modernised monarchy
dailymailuk, tabloid
dailymailuk,  half-sister Samantha 'faces US police probe  cyber bullying  controversial online posts 
dailymailuk,  poll 55% public  good   45% disagree  
dailymailuk, attempts defend   attacking  Press  warns 
dailymailuk,miserable unhappy'  battles new 'wave agony'  
dailymailuk,Piers Morgan blasts single-hedly' saving monarchy  
dailymailuk,Concerned' Willia bror  six-week break duties good 
dailymailuk,William worried' 
dailymailuk,  emotional interview  damaging'
dailymailuk,Emotional    adopt 'British stiff upper lip'  'unfair' scrutiny 
dailymailuk,six weeks off  Christmas  family 
dailymailuk,Vulnerable'   tears ordeal media spotlight 
dailymailuk,Feared  biographer Tom Bower 
dailymailuk, Foundation REMOVES 
dailymailuk, Diana  private secretary warns 'blunderbuss' attack media  backfire  
sun,pitted against future queen Kate Middleton
sun, 'troubled' Andrew car crash interview  
sun,   British citizenship 
sun,help   heal  rift William
sun, Queen  miss aChristmas 
sun,Queen  Christmas 
sun,piers morgan accuses   playing victim card attention -Susanna Reid furious 
sun,Piers Morgan dig  beats  influential Londoners poll  
sun,  half-brother conspires steal crown jewels  ad 
sun, Ashley Cole pursued  'nonsense' brother  
sun,forced  court battle dad letter
sun,  sister slams hypocrite  dad heart attacks 
sun,  s purple dress 
,purple purple
sun,snub  Charles invitation  tensions 
sun,    photo removed  Queen family portrait table 
sun,William worried about fragile   ITV documentary
sun,  rejects British tiff upper lip 
sun,face dad Thomas  UK court private letter 
sun,  estranged dad forced  letter 
sun,  facing  privacy newspaper fight  court  
daily_express, Queen jewels Kate Middleton
,US US US US US
daily_express,  aide   refuses to use - unlike sister-in-law Kate 
daily_express, row: Devastated   'aware  pitted' against Kate -
daily_express,  warning: Queen fury
daily_express, Queen Elizabeth  KateMiddleton
daily_express,  Queen ban   tiara 
daily_express,Brits back  Queen stressed monarch andrew
daily_express,Kate  William '
daily_express,William   feud 
daily_express, Queen approval skip Christmas get-toger 
daily_express,Kate Middleton family fit  Xmas row
daily_express,complain life i Piers Morgan LOSES  GMB 
daily_express,snub 'deming' Queen Christmas 
daily_express,Piers Morgan blasts  playing massive victim card GMB   
daily_express, fury:    Queen mocked beer advert starring  half brother  
daily_express,  fury: Weird Piers Morgan attacked  mocking 
daily_express,Kate Middleton  advice'
daily_express, row  rebukes   advisor modernised
daily_express,  team ' begged' exposure tabloid journalist 
daily_express,Queen table
daily_express,modern Queen
daily_express, heartbreak: crisis
daily_express,  'mirroring'  Diana warns  'broken' unprecedented interview 
daily_express, documentary  'utter disaster'  Queen 
daily_express,purple dress  killer high heels 
daily_express,  fury: disrespectful rant against     
daily_express,modernised  monarchy aides  
daily_express,     face 'ruthless' problem moveswarns 
daily_express,    echoed Edward  Mrs Simpson 'problematic' 
daily_express,   dad Thomas following legal action
daily_express, aides worried  issuing legal statement 
dailymirror,  'troubled' andrew  BBC interview 
daily_express,  snub:  tiara
,Kate tiara
dailymirror,    missing  Christmas fallout William'
dailymirror,Piers Morgan hits spending Christmas 
dailymirror,spend Christmas  US   mum  
dailymirror, Will  Kate 'rift'  
dailymirror,   good  55%  Brits 44% prefer  Kate  
dailymirror,   good  55%  Brits 44% prefer  Kate  
dailymirror,  labelled hypocrite sister -  dad 
dailymirror,Queen moves photo  Kate  Wills  
dailymirror,    documentary utter disaster'   chaos' 
dailymirror,Queen  'horrified'  'worried' 
dailymirror,  rejects 'British stiff upper lip'  damaging'
dailymirror, six-week break  Thanksgiving   US' 