﻿dailymailuk, fans happy Thanksgiving
dailymailuk,Cornwall 'pillar support'  struggling  public eye  
dailymailuk,  best friend Jessica Mulroney slams trolls 
dailymailuk,  shares throwback footage of 11-year-old   protesting  sexist commercial  
dailymailuk,"  poignant yellow ribbon tribute to student, 19, raped  murdered  South Africa"
telegraph,"exclusive interview, speak openly mental health   voice help  privileged "
pagesix,Kim Kardashian ‚empathizesprivacy concerns  
pagesix,  secretly invited Hillary Clinton  baby Archie 
pagesix,Wendy Williams  sorry  emotional interview
pagesix,  targeted  tabloid biracial: Hillary Clinton 
pagesix, Daily Mail ‚ruthless‚ Diana-like campaign against   
usweekly," fan,‚ Hillary Clinton "
etnow,Kim Kardashian celebrity peak out defense 
etnow,tabloid rumors
etnow, Diana‚ personal assistant opening up   parallels Diana  
etnow,protect  family
etnow,"Queen Elizabeth""sympatic struggles  battle British tabloid. "
etnow,struggles spotlight. 
etnow, protect  privacy tabloid press. 
dailybeast,Hillary Clinton  abuse  faced  British media  
dailybeast,fan abuse   suffered British media racism  sexism  
dailybeast,Hillary Clinton racial element abuse  
dailybeast,Kate Middleton  support  encouragement  battled  negativity  criticism ITV documentary. 
dailybeast, flurry stories  Kate Middleton  support  Kate   William  media
dailybeast,"interview traditional British newspaper  Daily Telegraph, importance vulnerability  speaks "
dailybeast,"interview  newspaper, breaking   family typical protocol  "
dailybeast,Kate Middleton  support  encouragement battled  negativity  criticism  ITV documentary
dailybeast,"British women  Parliament  letter support  solidarity  against  ""distasteful  misleading nature"" UK tabloid stories"
dailybeast,"TV documentary,        hate   lives  "
dailybeast," Africa pressure  pain,‚  paparazzi flashbulbs traumatize"
dailybeast, pain  struggle
dailybeast," biracial heritage negative coverage  British media British press,  Hillary Clinton "
dailybeast,Hillary Clinton  race   British media 
dailybeast,  lawsuits against  Sun  Mirror   Mail on Sunday. War tabloid  Piers Morgan fire.  
dailybeast,  sues UK tabloid  publishing private letter  dad.   followed statement lost my mother   wife falling victim powerful forces.‚ 
sun,  invited Hillary Clinton baby Archie fan girl
sun,  holds back tears truggle vulnerable‚ pregnant woman  new mum  
sun,"70,000   fans use #WeLoveYou  support ITV  tears  "
sun,  shares  aged 11 protesting about sexist advert poignant International Day Of  Girl post
sun,   Kate Middleton‚ ‚powerful  brilliant‚ mental health awareness ad praised fans 
bossip,"Leave Alone!     Weeps  Hate English Media, Twitter "
popsugar, opened up scrutiny  British press
perezhilton,"Kim Kardashian definitely empathize""secure, safe place""  ""privacy.""  "
perezhilton,"  fight against UK tabloid ""untrue"" reports  letter  father"
perezhilton,  +Hillary Clinton racists  
perezhilton,  opens up  struggles new mom  
daily_express,Crown star Olivia Colman defends   criticism 
daily_express, Hillary Clinton 
daily_express,  heartbreak  mirroring Diana struggle 
daily_express,speak out mental health struggles  
daily_express,  fears  insecurities‚ woman  
daily_express,tears opens up losing Diana  
dailymirror,  invites 'fan girl' Hillary Clinton  Archie 
dailymirror,Diana emotional interview personal life 
dailymirror,  emotional interview inspires women 
dailymirror,tears vulnerable' mum  
ellemagazine,  Lawyers Debunk Multiple False Tabloid Stories  New Court Documents 
ellemagazine,"Kim Kardashian  Safe, Secure Place' "
ellemagazine, Secretly Hosted Hillary Clinton Archie 
ellemagazine, Tabloid Bullying New Mom:
ellemagazine,British Friends   'Tabloid Destroy  Life
ellemagazine,  Condems  British Tabloid‚ Treatment 
ellemagazine, Powerful Speech  Gender Equality 
instyle,opened up about feeling isolated  struggling new morhood. moms feel  
instyle,70 women from  political divide signed etter  solidarity  battle against  UK media
, isolated legal legal legal tabloi tabloid tabloid  emotional emotional emotional
instyle,"Legal documents   private letter father ""personal anguish""  "
instyle,"Fans  support  mental health letters,  vulnerability public #WeLoveYou"
instyle,Hillary Clinton racism media backlash
voguemagazine,.Kim Kardashian empathize
voguemagazine,"new documentary,   opens up truggle adapt spotlight  naivety British tabloid."
voguemagazine,.HillaryClinton
voguemagazine,"emotional  wife,"
huffpost, new court  lawyers tabloid lied
huffpost,    pressing pause  duties intense media scrutiny. 
huffpost,  revelation  baby Archie
huffpost,"Hillary Clinton media mistreatment  ""inexplicable."" "
huffpost,powerful speech challenging injustice legal action against British publication
huffpost,"  slammed British tabloid‚ ‚ruthless campaign‚ against wife,  , powerful statement"
huffpostuk,"Female MPs condemn ""distasteful"" media coverage  open letter  "
huffpostuk,gender equality conversation 
huffpostuk,   mental health struggle  media spotlight
huffpostuk,   sue  Mail Sunday  private letter
huffpostuk,  British friends warned against marrying   tabloid newspapers 'destroy  life'  
time,women  UK Parliament pen letter solidarity
time," British tabloid challenging""  "
time,  discussing  challenges faced since giving birth  baby Archie  
time,tears speech  baby Archie
glamourmag,Daniel Martin ongoing struggles.  
,lwa suit mail mail mail
harpersbazaarus,Helena Bonham  Bad Press 
harpersbazaarus,Naomi Campbell Legal Battle Press 
harpersbazaarus,Invited Hillary Clinton  Archie 
harpersbazaarus, 70 Female British Politicians Sign Letter Supporting  
harpersbazaarus,Gender Equality Discussions 
harpersbazaarus,"Protect"" Media Scrutiny  "
harpersbazaarus,  Discusses  Woman Color
harpersbazaarus,  Fans Support Trending Hashtag #WeLoveYou  
harpersbazaarus,  Opens Up Enduring Public Scrutiny  New Mom 
harpersbazaarus,Hillary Clinton Blames Racism Backlash Against
harpersbazaarus,Ellen DeGeneres Nacho Figueras Defend   Tabloid
harpersbazaarus,Kim Kardashian Defends   
harpersbazaarus,  Lawyers Lawsuit  
harpersbazaarus,"  Friends Warned British Tabloid Destroy Life"" "
enews,  Slams ''Untrue  Offensive'' Tabloid Stories British Press Lawsuit  
enews,  Secretly Invites Hillary Clinton  Baby Archie  
harpersbazaarus,Alexria Ocasio-Cortez  Struggle Spotlight  
bazaaruk,Naomi Campbell defends  
enews,Kim Kardashian Empathizes 
enews, Diana
,open letter
enews,Gender Equality Discussion
enews,Facing Backlash  New Mom  Interview
enews,Hillary Clinton Defends    Media 
enews,     Join  William  Kate Middleton Powerful Mental Health PSA  
,     Join  William  Kate Middleton Powerful Mental Health PSA  
enews,"Hillary Clinton  ""Heartbreaking"" Media"
enews, Battle  Press 
enews," passionate speech  defended   against ""relentless propaga."""