﻿pagesix,horrified rew BBC interview 
pagesix, snub Queen Christmas festivities
pagesix,estranged half-bror steals ad  
pagesix,New beer ad pain 
pagesix,Queen Elizabeth  remove   photo
pagesix,scrubbed   Foundation
etnow,following  emotional documentary
radar_online,Wendy Williams  slamming omments    difficulties life.  
radar_online,William  furious   damaging tell-all interviews.
dailybeast,horrified York dismissed allegations sex Virginia Roberts Giuffre  
dailybeast,"Trump:  media coverage  personally"""
dailybeast, Queen William  Charles uneasyunilateralactions  wife   recent two-pronged attack  press 
dailybeast, Mail Sunday  mocked  belittled   every opportunity fight back.  media bullies dangerous strategy
dailybeast,  is deliberately seeking to transmit a humble image on her trip to South Africa 
perezhilton,  ditch  traditional Christmas celebrations 
perezhilton, signs Queen Elizabeth prefers Kate Middleton 
perezhilton,Kate Middleton miserable drama. 
perezhilton,"Queen Elizabeth ""delighted"" considering leaving   "
perezhilton, Queen Elizabeth  shading      photo GONE table!
perezhilton,  Prince  America 
ellemagazine,Spending Thanksgiving   US
ellemagazine,William Worried ITV Interview 
ellemagazine,    Will  US Six Week Break
instyle, spending  holidays  mother Doria
instyle,    alleged break   duties  lasting longer  spend Christmas
harpersbazaarus,Spend Thanksgiving  America
enews, Skip Queen Elizabeth  Annual Christmas Festivities  
enews,    Photo Missing  Table
enews,"    Interviewer Rosy Behind  Scenes""  https://t.co/ovhl0CDPkz"
,rosy doctor
enews,Rumored Rift With William    Struggle Addressed  Documentary: 
,move move move move  Africa Africa Africa
,US
enews,  father forced letter   letter
enews,  father defending  public  letter estranged daughter  pursue  legal battle against  British tabloid 
enews,  Father Thomas   Private Letter 
huffpost,Wendy Williams  support  emotional interview  ITV News
pagesix,Kim Kardashian empathizesprivacy concerns  
pagesix,  secretly invited Hillary Clinton  baby Archie 
pagesix,Wendy Williams  sorry  emotional interview
pagesix,  targeted  tabloids biracial: Hillary Clinton 
pagesix, Daily Mail ‚ruthlessDiana-like campaign against   
usweekly, fanHillary Clinton 
etnow,Kim Kardashian celebrity peak out defense 
etnow,tabloid rumors
etnow, Dianapersonal assistant opening up   parallels Diana  
etnow,protect  family
etnow,"Queen Elizabeth""sympatic struggles  battle British tabloids. "
etnow,struggles spotlight. 
etnow, protect  privacy tabloid press. 
dailybeast,Hillary Clinton  abuse  faced  British media  
dailybeast,fan abuse   suffered British media racism  sexism  
dailybeast,Hillary Clinton racial element abuse  
dailybeast,Kate Middleton  support  encouragement  battled  negativity  criticism ITV documentary. 
dailybeast, flurry stories  Kate Middleton  support  Kate   William  media
dailybeast,interview traditional British newspaper  Daily Telegraph importance vulnerability  speaks 
dailybeast,interview  newspaper breaking   family typical protocol  
dailybeast,Kate Middleton  support  encouragement battled  negativity  criticism  ITV documentary
dailybeast,"British women  Parliament  letter support  solidarity  against  ""distasteful  misleading nature"" UK tabloid stories"
dailybeast,TV documentary        hate   lives  
dailybeast, Africa pressure  pain paparazzi flashbulbs traumatize
dailybeast, pain  struggle
dailybeast, biracial heritage negative coverage  British media British press  Hillary Clinton 
dailybeast,Hillary Clinton  race   British media 
dailybeast,  lawsuits against  Sun  Mirror   Mail on Sunday. War tabloids  Piers Morgan fire.  
dailybeast,  sues UK tabloid  publishing private letter  dad.   followed statement lost my mother   wife falling victim powerful forces.
bossip,Leave Alone!     Weeps  Hate English Media Twitter 
popsugar, opened up scrutiny  British press
perezhilton,"Kim Kardashian definitely empathize""secure safe place""  ""privacy.""  "
perezhilton,"  fight against UK tabloids ""untrue"" reports  letter  father"
perezhilton,  +Hillary Clinton racists  
perezhilton,  opens up  struggles new mom  
ellemagazine,  Lawyers Debunk Multiple False Tabloid Stories  New Court Documents 
ellemagazine,Kim Kardashian  Safe  Secure Place 
ellemagazine, Secretly Hosted Hillary Clinton Archie 
ellemagazine, Tabloid Bullying New Mom:
ellemagazine,British Friends   Tabloids Destroy  Life
ellemagazine,  Condems  British TabloidsTreatment 
ellemagazine, Powerful Speech  Gender Equality 
instyle,opened up about feeling isolated  struggling new morhood. moms feel  
instyle,70 women from  political divide signed etter  solidarity  battle against  UK media
, isolated legal legal legal tabloi tabloid tabloid  emotional emotional emotional
instyle,"Legal documents   private letter father ""personal anguish""  "
instyle,Fans  support  mental health letters  vulnerability public #WeLoveYou
instyle,Hillary Clinton racism media backlash
voguemagazine,.Kim Kardashian empathize
voguemagazine,new documentary   opens up truggle adapt spotlight  naivety British tabloids.
voguemagazine,.HillaryClinton
voguemagazine,emotional  wife
huffpost, new court  lawyers tabloid lied
huffpost,    pressing pause  duties intense media scrutiny. 
huffpost,  revelation  baby Archie
huffpost,"Hillary Clinton media mistreatment  ""inexplicable."" "
huffpost,powerful speech challenging injustice legal action against British publication
huffpost,  slammed British tabloids‚ruthless campaignagainst wife   powerful statement
huffpostuk,"Female MPs condemn ""distasteful"" media coverage  open letter  "
huffpostuk,gender equality conversation 
huffpostuk,   mental health struggle  media spotlight
huffpostuk,   sue  Mail Sunday  private letter
huffpostuk,  British friends warned against marrying   tabloid newspapers destroy  life  
time,women  UK Parliament pen letter solidarity
time," British tabloids challenging""  "
time,  discussing  challenges faced since giving birth  baby Archie  
time,tears speech  baby Archie
glamourmag,Daniel Martin ongoing struggles.  
,lwa suit mail mail mail
harpersbazaarus,Helena Bonham  Bad Press 
harpersbazaarus,Naomi Campbell Legal Battle Press 
harpersbazaarus,Invited Hillary Clinton  Archie 
harpersbazaarus, 70 Female British Politicians Sign Letter Supporting  
harpersbazaarus,Gender Equality Discussions 
harpersbazaarus,"Protect"" Media Scrutiny  "
harpersbazaarus,  Discusses  Woman Color
harpersbazaarus,  Fans Support Trending Hashtag #WeLoveYou  
harpersbazaarus,  Opens Up Enduring Public Scrutiny  New Mom 
harpersbazaarus,Hillary Clinton Blames Racism Backlash Against
harpersbazaarus,Ellen DeGeneres Nacho Figueras Defend   Tabloids 
harpersbazaarus,Kim Kardashian Defends   
harpersbazaarus,  Lawyers Lawsuit  
harpersbazaarus,"  Friends Warned British Tabloids Destroy Life"" "
enews,  Slams Untrue  Offensive Tabloid Stories British Press Lawsuit  
enews,  Secretly Invites Hillary Clinton  Baby Archie  
harpersbazaarus,Alexria Ocasio-Cortez  Struggle Spotlight  
bazaaruk,Naomi Campbell defends  
enews,Kim Kardashian Empathizes 
enews, Diana
,open letter
enews,Gender Equality Discussion
enews,Facing Backlash  New Mom  Interview
enews,Hillary Clinton Defends    Media 
enews,     Join  William  Kate Middleton Powerful Mental Health PSA  
,     Join  William  Kate Middleton Powerful Mental Health PSA  
enews,"Hillary Clinton  ""Heartbreaking"" Media"
enews, Battle  Press 
enews," passionate speech  defended   against ""relentless propaga."""