﻿Daily Mail,The little girl who would grow up to steal   heart...   family share their enchanting photographs of the  in her younger days,,,,
Daily Mail,Pictures of   reveal how different her life was growing up from her glamorous present ,,,,
Daily Mail,Her family have revealed she 'will always be their ss' whether she marries   or not,,,,
Daily Mail,The images show  as a 13-year-old in California flashing the smile that would catch  eye ,,,,
Daily Mail,"""Peering into the lens with a beaming smile, she is uncommonly at ease in front of the camera for a 13-year-old girl, and exudes the radiant personality which will one day catch the eye",of a,".""",,
Daily Mail,These exclusive pictures of   as a child in California provide a revealing glimpse of how she grew up in circumstances far removed from her glamorous life today as the Hollywood  who has,cap,ture,d the,heart of  .
Daily Mail,"""But for her family, she is still the same  – and whatever the future of her Royal romance, they pledge that ‘she will always be our ss’.""",,,,
Daily Mail,"""The , now , who stars in legal TV drama Suits, has been to the UK four times in the last three months to see , , who is said to be ‘besotted’ with her.""",,,,
Daily Mail,"""Last week, the pair were photographed together for the first time after seeing a West End play. """,,,,
Daily Mail,"""But back in 1994, wearing an oversized brown jumper and a wide grin, ’s thoughts were on practising calligraphy, a skill she would later use to supplement her income as an up-and-coming",".""",,,
Daily Mail,"""Her former sister-in-law Tracy Dooley, who took the photo, recalled urging, ‘Smile, !’""",,,,
Daily Mail,"""As some of the other pictures show, the young  was not always so pleased to be snapped.""",,,,
Daily Mail,"""Glancing at the photo of  holding a bag of popcorn during a trip to feed ducks in Lake Balboa Park in Los Angeles, Ms Dooley, speaking exclusively to The Mail on Sunday, recalled: ‘That",was,a “,papar,"azzi” shot."""
Daily Mail,"""‘She was in the middle of feeding the ducks and she turned around. That’s why she has that face. It’s an, “Oh, yeah, another picture” face.’""",,,,
Daily Mail,""" looked even more glum in two other photos with her young nephew Thomas as a toddler and a baby, but according to Tracy – who now lives in Medford, Oregon – she was ‘always in good spir",its,and,wasn’,"t a moody teenager’."""
Daily Mail,"""Accounts manager Ms Dooley, 51, recalled how  ‘loved playing with the kids’ and would delight Thomas and his brother Tyler by tickling their faces with her ‘big soft hair, making them l",augh,and,laug,"h’."""
Daily Mail,"""‘She will always have a special place in our hearts,’ she added. ‘She will always be our ss.’""",,,,
Daily Mail,"""In one photograph, also taken in 1994,  is shown with her father, Thomas  Snr, now aged 72 and living in Mexico. His son, ’s half-brother Thomas Jnr, 50, was formerly married to Tracy.""",,,,
Daily Mail,The baby between  and her father is ’s nephew (also called Thomas). He is now aged 25 and a pizza restaurant boss.,,,,
Daily Mail,"""By the time these photos were taken, ’s father had already divorced her mother, Doria Ragland, 60, a yoga teacher.""",,,,
Daily Mail,"""Recalling his aunt, Thomas told The Mail on Sunday: ‘She was always really caring about other people and affectionate. She grew up with really strong roots.’""",,,,
Daily Mail,She delighted to see  in a loving relationship': The Queen is 'fully supportive' of her grandson romance with,,,,
Daily Mail,Sources claim that Her Majesty is 'fully supportive' of  new romance ,,,,
Daily Mail,They add that the Queen is 'delighted' to see her grandson so happy ,,,,
Daily Mail,has been dating    for several months ,,,,
Daily Mail,It appears that   is not the only royal that   has been able to win over.,,,,
Daily Mail,The Queen is apparently equally charmed and is said to be 'fully supportive' of her grandson relationship with the .,,,,
Daily Mail,"""The , who has been dating Miss  for several months, is said to have received the royal seal of approval from his grandmother.""",,,,
Daily Mail,Speaking to US magazine a source claimed to be a ' insider' said that Her Majesty is 'fully supportive' of  romance.,,,,
Daily Mail,They added: he’s delighted to see  in a loving relationship'. MailOnline has contacted the palace for a comment. ,,,,
Daily Mail,"""The  and the monarch are yet to be introduced and Miss , , will not be given the opportunity to meet the Queen over the festive period either.""",,,,
Daily Mail,It is understood she will not be accompanying  to Sandringham to spend Christmas with the Queen. ,,,,
Daily Mail,returned to Toronto for Christmas with her family on Tuesday after enjoying a week in London wither boyfriend . ,,,,
Daily Mail,The pair went shopping for a Christmas tree and attended The Curious Incident Of The Dog In The Night Time at a West End Theatre. ,,,,
Daily Mail,"""However, royal duty beckoned for  this week, and  jetted back to Toronto where she is based to spend the festive season apart from her boyfriend.""",,,,
Daily Mail,"""Only close family and occasionally friends join the senior royals at Sandringham, and it too soon in  romance with the Suits  for her to be invited by the Queen. """,,,,
Daily Mail,"""However,  made sure to drop her off at Heathrow airport personally on Sunday morning.""",,,,
Daily Mail,"""The  was accompanied by airline staff prior to boarding her flight, while the  was flanked by five police protection officers.""",,,,
Daily Mail,"""He will spend Christmas at the Queen Norfolk estate, but is expected to be reunited with his stunning  in the New Year. """,,,,
Daily Mail,is no doubt feeling a little deflated over the separation as he was looking somewhat glum on official royal duty on Tuesday.,,,,
Daily Mail,"""The  joined William and Kate at a Christmas party hosted by the youth charity The Mix in London, attended by representatives of their Heads Together campaign. """,,,,
Daily Mail,Yesterday   joined the Duke and Duchess of Cambridge for the Queen annual pre-Christmas lunch this afternoon.,,,,
Daily Mail,"""The Queen annual pre-Christmas lunch is a royal tradition and allows her to catch up with more distant relations, who are not invited to join her at the Sandringham Estate in Norfolk on",the,25t,"h. """,
Daily Mail,'very bloody' shoot while vegan  is away:  sneaks in hunting trip to Bavaria - with aristocrat dubbed The Boar Terminator - while  films in Canada ,,,,
Daily Mail,California-born    is an animal-lover and part-time vegan,,,,
Daily Mail,-year-old royal joined pals at a shooting party at Oettingen Castle in Bavaria,,,,
Daily Mail,""", , was still in Toronto, where she films American legal drama Suits """,,,,
Daily Mail,"""new , California-born   , is both an animal-lover and part-time vegan.""",,,,
Daily Mail,So it’s perhaps no surprise that  took the opportunity to sneak in a quick hunting trip just days before the couple were reunited in London last week.,,,,
Daily Mail,"""I hear that the -year-old royal joined pals at a shooting party at Oettingen Castle in Bavaria last weekend, while , , was still in Toronto, where she films American legal drama Suits",".""",,,
Daily Mail,"""  was among the 50-strong group who set out to hunt wild boar, deer and ‘just about anything you could point a gun at’, says one friend, who describes it as a ‘very bloody weekend’.""",,,,
Daily Mail,"""  was a guest at the castle earlier this year to witness his friend  Franz Albrecht zu Oettingen-Spielberg wed Cleopatra von Adelsheim von Ernest, who, like , is also an .""",,,,
Daily Mail,"""Cleo, as she is known, has appeared in a handful of German film and television productions although she also happens to be a baroness.""",,,,
Daily Mail,Franz has been described as possessing ‘world-class’ shooting skills and was even nicknamed ‘The Boar Terminator’ after a video emerged which purported to show him in a snowy forest kill,ing,a nu,mber,of running wild boar in quick succession.
Daily Mail,He has also recorded instructive videos on boar shooting which are available online.,,,,
Daily Mail,""", by contrast, is an animal rescue enthusiast who advocates adopting shelter dogs.""",,,,
Daily Mail,"""Her own two pups, Bogart and Guy, who she says ‘mean the absolute world to me’, were rescued from an animal shelter in LA. """,,,,
Daily Mail,"""‘My home of Los Angeles County puts down more dogs per capita than any other city in the U.S.,’ she explains. ‘So rescuing was a no-brainer.’""",,,,
Daily Mail,"""  learned to shoot as a child and by 12 was already joining his father, the  of Wales, on the traditional Boxing Day shoot near Sandringham.""",,,,
Daily Mail,In 2004 he was photographed perched atop a water buffalo he had shot dead during a hunt in Argentina.,,,,
Daily Mail,"""But if  disapproves of  ’s outdoor pursuits, she is not the only one.""",,,,
Daily Mail,"""Princess Diana was reported to dislike hunting while, in recent years, both  and  William have been criticised for taking part in legal shoots while simultaneously campaigning against t",he t,roph,y hun,"ting of protected species such as rhinos and elephants."""
Daily Mail,"""PIERS MORGAN:  marrying a spunky American divorcee would have sent the British  into fury 80 years ago. But if  can succeed where countless English gals have failed in making  settle do","wn,",they,shou,"ld make sure he weds her ASAP"""
Daily Mail,"""It been a hell of a year, hasn't it?""",,,,
Daily Mail,"""Syria imploding, Europe splintering, refugees suffering, ISIS horrifying, and the deaths of so many beloved celebrities from Muhammad Ali and Gene Wilder to David Bowie and .""",,,,
Daily Mail,"""Not to mention, depending on your view of him, the ascent of Donald Trump to Most Powerful Man on Earth.""",,,,
Daily Mail,"""All of which has left many people feeling generally unsettled, and in need of a reassuring tonic.""",,,,
Daily Mail,"""Enter the British Monarchy, a much-maligned institution but one that often provides a reliable dose of reassuring joy and happiness just when the world""",,,,
Daily Mail,needs it most.,,,,
Daily Mail,"""More specifically, enter   and his new ,   .""",,,,
Daily Mail,"""The couple were photographed together for the first time yesterday, attending the hit play, The Curious Incident of the Dog in the Night-Time, at the Gielgud Theatre in London West End.","""",,,
Daily Mail,They wore matching beanies and looked just like any other love-struck man and woman in the first flush of love.,,,,
Daily Mail,"""A few days ago, they bought a Christmas tree together and took it back to  home in .""",,,,
Daily Mail,Surely the ultimate sign that this is a serious relationship?,,,,
Daily Mail,"""I mean, you don't buy a Christmas tree with someone you're flaky about, right?""",,,,
Daily Mail,"""So rumours, naturally, are ablaze that they may be about to announce their engagement.""",,,,
Daily Mail,To which I say: bring it on!,,,,
Daily Mail,This is not just because I know Ms  – we met for drinks in my local London pub in the very week she first dated  back in June – and believe her to be perfect ss material.,,,,
Daily Mail,"""No, it because I think they're superbly well suited,  needs to settle down (if even half the stories I hear about his wild partying are true then this is an urgent request…), and frankl","y, w",e al,l nee,"d a royal wedding to take the edge of these tumultuous times."""
Daily Mail,Anyone who been watching The Crown on Netflix will appreciate the delicious irony of this situation.,,,,
Daily Mail,only No5 in line to the British throne by default – and it all thanks to an American woman about the same age as .,,,,
Daily Mail,"""Exactly 80 years ago this week, his great, great uncle Edward VIII abdicated as King because he fell in love with a US-born divorcee named Wallis Simpson.""",,,,
Daily Mail,"""He could not marry her because of his position as head of the Church of England, which banned divorcees from remarrying in church if their ex spouses were still alive.""",,,,
Daily Mail,"""Edward, therefore, had to choose between being King or being Wallis Simpson third husband, and sensationally, he chose the latter option.""",,,,
Daily Mail,"""His successor was his younger brother George VI, who was then succeeded on his death in 1952 by his daughter Elizabeth, who became Queen Elizabeth II, the current Monarch.""",,,,
Daily Mail,"""Elizabeth eldest son  Charles, her immediate heir, has two sons, s William and .""",,,,
Daily Mail,"""So if anything, God forbid, happens to Charles and William, and William children George and Charlotte, then  will be King.""",,,,
Daily Mail,"""And if   is his wife, then, in that eventuality, she would become Queen.""",,,,
Daily Mail,Imagine that – an American divorcee becoming Queen of England!,,,,
Daily Mail,"""Yet, what a great thing that would be too.""",,,,
Daily Mail,"""When their relationship was first revealed, the world media went predictably nuts and  issued an angry statement telling everyone to back off his girl.""",,,,
Daily Mail,"""I understood his concern. After all, he lost his mother Diana to a car crash involving a chase with paparazzi.""",,,,
Daily Mail,He also been through s like a scythe through a barley field.,,,,
Daily Mail,"""Most of them the typical kind of posh, polo-loving, and dare I say rather dull English roses that are usually carefully hand-picked for preferred royal partner status.""",,,,
Daily Mail,is a very different kettle of fish.,,,,
Daily Mail,"""When we drank in my pub, I found her to be a very smart, focused, thoughtful, feisty and confident woman.""",,,,
Daily Mail,"""Ambitious about her career as an , yes. But there nothing wrong with that, and she genuinely talented as fans of her TV show Suits will know.""",,,,
Daily Mail,"""More importantly, she seemed to have a real and touching concern for the future of the planet and its more impoverished and vulnerable members.""",,,,
Daily Mail,"""We spoke about Rwanda, where she had recently travelled with the UN, about race issues, and about gun violence in America, which distresses her almost as much as it does me.""",,,,
Daily Mail,was informed and strident in her opinions and determined to use her celebrity status make a real difference.,,,,
Daily Mail,"""She was also great fun, ready to laugh at both the absurdity of life and herself.""",,,,
Daily Mail,"""I really, really liked her.""",,,,
Daily Mail,"""So when I later heard she and  were dating, my gut reaction was: GREAT!""",,,,
Daily Mail,And my reaction to all the engagement chatter is exactly the same.,,,,
Daily Mail,There never been a better time for a British heir to the throne to choose a traditionally imperfect divorcee to marry.,,,,
Daily Mail,We've come a very long way from the absurdity of Edward VII being forbidden to marry the love of his life.,,,,
Daily Mail,"""And a long way, too, from ss Margaret, the current Queen now deceased sister, being forbidden from marrying the love of HER life, the dashingly handsome pilot Group Captain Peter Townse","nd,",beca,use h,"e too was divorced."""
Daily Mail,"""Mindful of the Church teaching that Christian marriage is indissoluble,' Margaret said in her statement announcing the end of the relationship, 'and conscious of my duty to the Commonwe",alth,", I",have,"resolved to put these considerations before any others.'"""
Daily Mail,Many think she never really recovered from this devastating blow.,,,,
Daily Mail,What a tragic and ridiculous state of affairs.,,,,
Daily Mail,Thank God we've all moved on to a more tolerant society.,,,,
Daily Mail,"""Since news of  new romance broke, barely anyone has even suggested that  divorced status should be a barrier to marriage.""",,,,
Daily Mail,"""And how could they given that his dad divorced Diana, and, with the Queen blessing, remarried Camilla Parker Bowles?""",,,,
Daily Mail,"""There is now no reason, legal, religious, moral or otherwise, to prevent  marrying  .""",,,,
Daily Mail,"""As for  suitability, consider this: she lived life a bit, """,,,,
Daily Mail,"""professionally and sexually, and is not a naïve 19-year-old virgin like Diana.""",,,,
Daily Mail,"""She also knows the media game, being a star already.""",,,,
Daily Mail,And she has a proper job that allows for time out to have royal babies.,,,,
Daily Mail,"""Oh, and given the fact she from mixed race parents – her mum is African-American – there a real chance some of those babies might be black.""",,,,
Daily Mail,"""Finally, the  could have non-white members to more accurately reflect the gloriously multi-cultural nation over which they reign.""",,,,
Daily Mail,Hurrah!,,,,
Daily Mail,"""OK, OK, maybe I'm getting ahead of myself a bit here.""",,,,
Daily Mail,"""But if I were , I'd be popping the question pretty damn sharpish – for four good reasons:""",,,,
Daily Mail,a) He unlikely to find a better bride to keep him on his toes and be a whole lot more than just a trophy royal wife.,,,,
Daily Mail,"""b) America, having nearly wrecked the British Monarchy with Wallis Simpson, can now atone by providing a potential Queen worthy of global admiration not revulsion.""",,,,
Daily Mail,"""c) Every single marriage involving a British royal who married an American (i.e. one, Edward to Wallis) has lasted at least 36 years – they lived very happily together until Edward died",in,1972,#NAME?,"ich is considerably longer than most modern royal marriages have lasted."""
Daily Mail,d) We all need cheering up a bit and a royal wedding makes everyone smile.,,,,
Daily Mail,"""So, and I say this with great respect, get on with it , it your constitutional duty!""",,,,
Daily Mail,'broke royal protocol in dash to see ':  switched flight despite the Palace saying royals should be 'discouraged' from mixing official and personal trips,,,,
Daily Mail,"""  may have breached  protocol by making a 1,700-mile detour via Canada to visit his  after an official tour.""",,,,
Daily Mail,"""The  was expected to fly back to London on Sunday night, but it was reported yesterday that he changed plans and instead boarded a flight to Toronto, home to   .""",,,,
Daily Mail,"""He was required to be back in Britain by this morning, when he is due to attend a charity event in the capital.""",,,,
Daily Mail,"""But after almost three weeks apart from his , he apparently decided to stop off to see her on his return home.""",,,,
Daily Mail,last night refused to comment on whether the  boarded a flight to Canada on Sunday.,,,,
Daily Mail,"""But royal officials previously briefed the media, both in London and during ’s 15-day tour of the Caribbean, that the  would be returning immediately to Britain on a commercial flight f",unde,d by,the,"taxpayer."""
Daily Mail,"""In the hours before  was due to leave, aides maintained the  would be returning to London.""",,,,
Daily Mail,"""The fact that he apparently chose to visit his  on the way back from an official tour on behalf of his grandmother, the Queen, threatens to overshadow the successful work he undertook t",here,".""",,
Daily Mail,"""However, a friend told The Sun: ‘ just couldn’t wait to see her. He was due to fly back to London on a British Airways flight with the rest of his entourage.""",,,,
Daily Mail,‘But he changed his mind and diverted straight to see her as they couldn’t bear to be apart.,,,,
Daily Mail,‘It’s just another sign of how head-over-heels he is about her. He is absolutely besotted. We’ve never seen him so happy – it’s great.’,,,,
Daily Mail,An official said that in any situation costs incurred to taxpayers as a result of altered plans or extra flights taken would be met ‘privately’.,,,,
Daily Mail,has previously stated that members of the  should be ‘actively discouraged’ from combining official and personal trips.,,,,
Daily Mail,"""Following a 2004 investigation into visits by ’s uncle,  Andrew - who earned the nickname Air Miles Andy for his ‘excessive’ foreign travel - the Royal Household told the National Audit",Off,ice:,‘Mem,"bers of the  are entitled to grant-in-aid for official travel, as are their staff and, where capacity permits, other officials."""
Daily Mail,"""‘They meet their own costs, however, for private travel. In order to avoid confusion, combining private and public engagements in the same trip is actively discouraged.’""",,,,
Daily Mail,"""Despite the guidance, royals do on occasion mix personal trips with official engagements.""",,,,
Daily Mail,"""It is unlikely that ’s change of plans was made at the last minute because the  has security with him at all times. As he was visiting a Commonwealth realm, local authorities would also",hav,e ne,eded,"to be notified in advance."""
Daily Mail,"""While  may reimburse the public purse for the cost of his flights, taxpayers will be forced to foot the bill for his bodyguards, who travel with him at all times.""",,,,
Daily Mail,"""With his departure from Guyana scheduled for 1pm on Sunday, the  could have made a 4.25pm Air Canada flight from Barbados to Toronto arriving at 9.15pm – in time for a late dinner.""",,,,
Daily Mail,and his  are also believed to be planning a pre-festive getaway together before he returns to Sandringham in time for Christmas.,,,,
Daily Mail,"""The pre-Christmas meeting came after Miss , , offered her best festive clothing tips in an interview with Canadian media.""",,,,
Daily Mail,"""Just in case the  is handed a last minute invite to the annual Christmas service, attended by the , Miss  made it clear that she intended to stay away from any garish outfits.""",,,,
Daily Mail,"""The Suits star, who recently launched her own clothing line, told Postmedia News: ‘The holidays are a time to — not quite play it safe — but play it classic.""",,,,
Daily Mail,"""‘You don’t want to be the girl in a head-to-toe sequin look, where you look like you should be an ornament on the tree.""",,,,
Daily Mail,‘Don’t be that girl... Be the girl who looks chic and classy and plays it really simple.’,,,,
Daily Mail,A new ITV documentary will see  talk openly to anchor and former royal reporter Tom Bradby about his charity work in the Aids-stricken southern African nation of Lesotho.,,,,
Daily Mail,"""In an interview with the Radio Times, Mr Bradby said of the programme, due to air later this month: ‘The film is also rather revealing about who he is and where he is in life.""",,,,
Daily Mail,"""‘He talks candidly about the past, the present and his own future. But mostly he talks about how fired up he is about his position and what he can do with it.""",,,,
Daily Mail,"""‘There is, he says, too much focus on the bad news in life. It’s great to be good, he tells us, and boring to be bad.’""",,,,
Daily Mail,"""Meanwhile, choirmaster Gareth Malone has revealed that  has a fear of singing.""",,,,
Daily Mail,"""Mr Malone, who was asked to form a choir formed of ex-servicemen for the ’s Invictus Games, told OK! magazine: ‘I think he’s chicken! Blokes seem to fear singing like nothing else.""",,,,
Daily Mail,‘You can send   in an Apache helicopter into a war zone and he’d probably fear that less. Maybe he just doesn’t want to look like an idiot.’ ,,,,
Daily Mail,Look away now !     locks lips with another man in a scene from her latest movie The Dater Handbook,,,,
Daily Mail,plays Cassandra Barber in The Dater Hanbook ,,,,
Daily Mail,New images from the series see her kissing fellow actor Jonathan Scarfe ,,,,
Daily Mail,While Cassandra is unlucky in love  is currently dating,,,,
Daily Mail,may be left feeling a little pang of jealousy when watching his    latest flick.,,,,
Daily Mail,The  is pictured locking lips with a handsome actor in new images from her new TV movie The Dater Handbook.,,,,
Daily Mail,Despite the fact that she is dating one of Britain most sought after men the -year-old plays a young woman unlucky in love.,,,,
Daily Mail,In pictures released today  shares a passionate snog with actor Jonathan Scarfe is a scene from the movie where she plays Cassandra Barbara.,,,,
Daily Mail,"""Realising she has a recurring habit of picking the wrong type of guy, Cassandra Barber () turns to relationship expert, Dr. Susie, and her latest self-help book, The Dater Handbook to h",elp,with,her,"ailing love life."""
Daily Mail,"""She follows the advice in Dr. Susie book to evaluate potential suitors, and then must ultimately choose between reliable George (Jonathan Scarfe) and fun-loving Robert (Kristoffer Polah",a). ,"""",,
Daily Mail,The Dater Hanbook which was released in American in January this year and will be transmitted throughout Europe next year.,,,,
Daily Mail,While her on-screen love life may be in trouble the  reality couldn't be further from it.,,,,
Daily Mail,The Suits  had been dating the  for 'months' according to  and even enjoyed a visit to London to stay with  in November.,,,,
Daily Mail,"""However, the pair have been apart for several weeks now as  has been spending time in Toronto while  is touring the Caribbean.  """,,,,
Daily Mail,"""Yesterday While her boyfriend was teetering on the edge of Guyana Kaieteur Falls, which are 820ft high, Miss , , was playing dress up with her dog and buying herself flowers over the we",eken,"d.""",,
Daily Mail,"""And just in case , , had forgotten her, the  chose a Union Jack themed coat for her pet Guy.""",,,,
Daily Mail,It came only hours after she was pictured supermarket shopping in Toronto wearing a baseball cap and green parka jacket and pushing a laden trolley through the car park.,,,,
Daily Mail,"""Miss , who often writes about her love of the simple things in life, was seen stocking up on basics such as kitchen roll and water during the outing. """,,,,
Daily Mail,New royal row erupts after fake photographs claiming to be of      topless are published online,,,,
Daily Mail,American website published pictures of a woman it claims is ,,,,
Daily Mail,In the photos a brunette woman can be seen sunbathing topless on a beach,,,,
Daily Mail,Comes just a month after   issued statement defending his,,,,
Daily Mail,Sources later said the photographs were not of the  ,,,,
Daily Mail,A new royal row looks set to explode after photographs claiming to show       sunbathing while topless on a beach were leaked online and later revealed to be fake. ,,,,
Daily Mail,The pictures were published this afternoon by American gossip website under the headline: 'Topless & Shameless!  Gal   Bares Her Boobs In Steamy Leaked Photo'.,,,,
Daily Mail,"""It was claimed the snaps were taken on the Greek island of Mykonos in 2005, when the Toronto-based Suits  was on holiday with her ex-husband, film producer Trevor Engelson. However, sou",rces,hav,e sai,"d that they are not of Miss ."""
Daily Mail,Their emergence comes just weeks after the  released a strongly-worded statement calling for Miss  privacy to be respected. ,,,,
Daily Mail,The pictures are expected to throw a further spotlight on the young couple relationship - and given  previous unprecedented missive it is expected that the young  will be furious at thes,e im,ages,clai,ming to be of his  appearing online.
Daily Mail,"""An insider told the site which published the pictures, Radar Online: ' explicitly told  to stay away from controversy, but he adamant he'll stick by her.""",,,,
Daily Mail,always been confident and hasn't ever been one to shy away from having fun. That why  has fallen madly in love with her!'   ,,,,
Daily Mail,"""On Sunday Ms , , returned to Toronto after enjoying a romantic week with , where they were spotted buying a Christmas tree together and watching a show in the West End.""",,,,
Daily Mail,The California-born  left London after the  personally dropped her off at Heathrow airport before she boarded her flight. ,,,,
Daily Mail,She was spotted today in Toronto wearing a comfy black oversized coat which she teamed with a cream beanie hat as she made her way to a yoga class.,,,,
Daily Mail,is currently enjoying the annual Christmas lunch at  with the Queen and the rest of his family. ,,,,
Daily Mail,Last month   took the unusual step of issuing the statement defending Miss  from the 'wave of abuse and harassment' which was unleashed following the revelations that the pair were datin,g.  , ,,
Daily Mail,MailOnline has contacted  and Miss  representatives for comment. ,,,,
Daily Mail,  William dismay at his brother  'hot-headed' public plea over,,,,
Daily Mail,William is deeply unhappy over his 'hot-headed' brother decision ,,,,
Daily Mail,The future king is fiercely protective of his family’s privacy and believes his more open brother made a mistake in wearing his heart on his sleeve,,,,
Daily Mail,As well as appealing to media  instructed security guards for ,,,,
Daily Mail,""" William is deeply unhappy over his younger brother’s decision to issue an unprecedented public statement about his new ,  .""",,,,
Daily Mail,"""The future king is understood to be concerned that ‘hot-headed’   officially confirmed his relationship with the -year-old  by releasing an emotional tirade against the media and online",com,ment,ators,", sources said."""
Daily Mail,"""William, 34, and , , are very close, living yards from each other at  and sharing both an office and a charitable foundation.""",,,,
Daily Mail,"""But despite his support for , William is fiercely protective of his family’s privacy and believes his more open brother made a mistake in wearing his heart on his sleeve.""",,,,
Daily Mail,"""‘He thinks  made a mistake in confirming the relationship and releasing such an emotional statement so soon [into it],’ one well-placed Palace source told the Mail.""",,,,
Daily Mail,‘He feels that the statement offered up too much information and only served to fuel speculation about how serious  is about . It could also put him in a difficult position in the future,reg,ardl,ess o,f whether the relationship leads to something or not.
Daily Mail,"""‘William knows that his brother can be hot-headed and understands that it is something he felt very strongly about. Privately, he shares a lot of the sentiments he and  expressed as, ma",ke n,o mi,stake,", she was very involved in the statement too."""
Daily Mail,‘But he believes it was wrong to make his feelings so public.’,,,,
Daily Mail,Royal sources said yesterday that William was made aware of the statement before  put it out. A  spokesman added the elder  ‘understood’ ’s concerns. They said: ‘The Duke of Cambridge ab,solu,tely,unde,rstands the situation concerning privacy and supports the need for   to support those closest to him.’
Daily Mail,Over the years the brothers have issued only a handful of public statements in connection with their personal lives.,,,,
Daily Mail,"""Some have concerned their late mother, Diana, ss of Wales, including when an Italian magazine printed a photograph in 2006 of the royal as she lay dying in the wreckage of her car.""",,,,
Daily Mail,"""They also accused her former butler, Paul Burrell, of a ‘cold and overt betrayal’ after he wrote a tell-all book about his time working for her.""",,,,
Daily Mail,"""William spoke out after topless photographs of his wife, the Duchess of Cambridge, were published in a French magazine in 2012, describing the incident as a ‘grotesque’ invasion of thei",r pr,ivac,"y.""",
Daily Mail,"""And more recently the  issued a warning to paparazzi photographers over their attempts to secure pictures of his children,  George and ss Charlotte.""",,,,
Daily Mail,"""But when it comes to their personal relationships the s have been more circumspect, knowing whatever they say will only fuel public interest.""",,,,
Daily Mail,"""William spoke once about the level of paparazzi interest in Kate Middleton, then his , and some years into their relationship when she was being followed daily by dozens of photographer",s am,id r,umour,"s the pair were getting engaged."""
Daily Mail,"""‘William is of the opinion that you need to keep your powder dry on these sorts of things and they, as a family, should only resort to making public statements when there is no other op",tion,lef,"t,’ s","aid the source."""
Daily Mail,‘He just doesn’t feel this was a big enough issue to make a fuss about.’,,,,
Daily Mail,is currently on a two-week tour of the Caribbean on behalf of the Queen. Yesterday he took part in a cricket match in St Lucia. He will return to London for engagements in early Decembe,r bu,t is,then,expected to jet off to see Miss  before spending Christmas with the  at Sandringham. 
Daily Mail,I blocked and reported a number of social media users':      pens a VERY honest essay addressing the racism she has endured from online trolls ,,,,
Daily Mail,wrote in Elle magazine about the abuse she has suffered,,,,
Daily Mail,She says that she had to block and report several of the comments  ,,,,
Daily Mail,Added that she has chosen to find her 'own identity' to defy her trolls  ,,,,
Daily Mail,   has penned a powerful essay addressing social media trolls. ,,,,
Daily Mail,""", , has opened up about the backlash she received over the producers of Suits decision to cast black actor Wendell Pierce to play her on-screen father.""",,,,
Daily Mail,"""In an essay for Elle UK magazine, she wrote: 'I remember the tweets when that first episode of the Zane family aired, they ran the gamut from: """"Why would they make her dad black? She n",ot b,lack,""""" to","""""Ew, she black? I used to think she was hot.""""'"""
Daily Mail,Scroll down for video ,,,,
Daily Mail,The  says that the few tweets she was aware of spoke volumes of the racism still at large in the US.,,,,
Daily Mail,"""She continued: 'The reaction was unexpected, but speaks of the undercurrent of racism that is so prevalent, especially within America.'""",,,,
Daily Mail,- who has been dating   for eight months - says in order to show she is above online bullies she made the decision to find her own 'identity' and she continues to push for positive chang,e wh,en i,t com,es to racism in Hollywood.
Daily Mail,"""She added: 'You push for colour-blind casting, you draw your own box … you create the identity you want for yourself, just as my ancestors did when they were given their freedom.'""",,,,
Daily Mail,s essay comes after her beau   slammed trolls for attacking his  and her family.,,,,
Daily Mail,The -year-old royal said he was 'deeply disappointed' that he has not been able to protect  from the 'wave of abuse and harassment' she has suffered since their romance was made public,.,,,
Daily Mail,"""A statement released by  read: 'His ,  , has been subject to a wave of abuse and harassment. """,,,,
Daily Mail,ome of this has been very public ... the outright sexism and racism of social media trolls and web article comments.,,,,
Daily Mail,is worried about Ms  safety and is deeply disappointed that he has not been able to protect her. It is not right that a few months into a relationship with him that Ms  should be subje,cted,to,such,a storm. 
Daily Mail,'He knows commentators will say this is 'the price she has to pay' and that 'this is all part of the game'. He strongly disagrees. This is not a game - it is her life and his.',,,,
Daily Mail,s relatives were also bombarded with messages and questions after the news of their romance broke.,,,,
Daily Mail,And the brother of  William also insisted he has 'never been comfortable' with the curiosity around his love life.,,,,
Daily Mail,"""In a statement, the spokesperson added: ince he was young,   has been very aware of the warmth that has been extended to him by members of the public. """,,,,
Daily Mail,'He feels lucky to have so many people supporting him and knows what a fortunate and privileged life he leads.,,,,
Daily Mail,"""'He is also aware that there is significant curiosity about his private life. He has never been comfortable with this, but he has tried to develop a thick skin about the level of media",inte,rest,that,"comes with it.'"""
Daily Mail,SECOND hottie:  secretly dated English model while wooing    - and don't they look alike,,,,
Daily Mail,""" enjoyed gates with Burberyy model Sarah Ann Macklin, 27, in June""",,,,
Daily Mail,Friends revealed they met at party and he then 'bombarded' her with texts,,,,
Daily Mail,America  Mergan  is believed to be the  new love ,,,,
Daily Mail,"""  secretly dated a stunning English fashion model while he was wooing American TV star  , The Mail on Sunday can reveal.""",,,,
Daily Mail,The  enjoyed a series of dates with Burberry model Sarah Ann Macklin in June and July while he was romancing Miss  when she visited London.,,,,
Daily Mail,"""Friends of Miss Macklin, 27 – who looks uncannily like the  – told us that , , met the model at a private party where he took her number and bombarded her with texts, just as he is sa",id t,o ha,ve do,"ne with Miss ."""
Daily Mail,"""It was unclear last night whether Miss , , who stars in US television drama Suits, was aware that  was seeing a lookalike brunette while he was beginning his relationship with her.""",,,,
Daily Mail,"""Sources say ’s interest in Miss Macklin brought on a jealous reaction from her chiselled ex-boyfriend David Gandy, an underwear model for Marks and Spencer.""",,,,
Daily Mail,A source close to Miss Macklin said last night: ‘Their fling is an open secret among her friends.,,,,
Daily Mail,"""‘David Gandy knew that  was pursuing her and tried to get her back. At one point she had the country’s most famous male model and a  vying for her affection, and the novelty was not los",t on,her,".""",
Daily Mail,‘She ended up turning David down and dating  . It eventually fizzled out but they are on friendly terms.’,,,,
Daily Mail,Another friend confirmed: ‘They were introduced at a social gathering and  made a beeline for her. She was very flattered by the attention and they went on a few dates. Everything was ke,pt v,ery,below,the radar.
Daily Mail,"""‘They got on, but are quite different. She is very clean living and barely drinks and in that respect they were on a different wavelength.  also seemed a bit non-committal and it never",real,ly g,ot of,"f the ground. Things fizzled out before he went to Africa for a month in August.’"""
Daily Mail,"""Miss Macklin is signed to leading agency Select Model Management and has worked for brands including Burberry, Abercrombie and Fitch and Matthew Williamson. She turned heads in a racy p",hoto,#NAME?,ot fo,"r Esquire magazine in 2012, wearing a lace bra that barely covered her modesty."""
Daily Mail,"""Asked about her royal fling last night, she said: ‘I wouldn’t speak about my personal life, whether it’s with   or anyone. I wouldn’t tell you whether it was true or not.’""",,,,
Daily Mail,News of ’s relationship with Miss  broke last weekend. He is said to be ‘besotted’ after meeting the divorced  in London in May. He deluged her with texts until she agreed to meet up for,a d,ate,in Lo,ndon.
Daily Mail,"""This newspaper understands the date was set up Markus Anderson, a Canadian who knows both the  and Miss . The couple have another friend in common – designer Misha Nonoo, who is married",to,’s f,riend,", Alexander Gilkes. A source said: ‘Misha and  are great chums. She has known about the romance with  the whole time but was sworn to secrecy.’"""
Daily Mail,""" has declined to comment on the ’s private life, but tellingly there has been no denial from his camp over reports of his relationship with Miss .""",,,,
Daily Mail,is my friend... she inspired me to become a doctor': How   girl is changing lives of African children... just like Princess Diana,,,,
Daily Mail,"""   Megan , , is the face of World Vision in Rwanda""",,,,
Daily Mail,She is said to have bonded with  over a passion for improving lives in Africa,,,,
Daily Mail,Suits  has changed lives of many impoverished schoolchildren in Rwanda,,,,
Daily Mail,"""Cecile, 15, said 1,650 children shared single toilet before she helped build more""",,,,
Daily Mail,Schoolgirl calls  her 'friend' and says she now dreams of being a doctor,,,,
Daily Mail,Another girl told of how  charity provided her village with clean water,,,,
Daily Mail,The star charity work is being compared to  late mother Princess Diana ,,,,
Daily Mail, is inspiring a generation of poverty stricken young girls from Rwanda to realise their dreams to become doctors – in the spirit of Princess Diana.,,,,
Daily Mail,Two girls have told how    has made them study to change their lives after meeting the Californian-born uits' star.,,,,
Daily Mail,"""Her easy charm and natural warmth with the boys and girls in the genocide-scarred east African state has echoes of  mother Diana, dubbed 'The People ss' for the kindness she showed to o",ther,"s.""",,
Daily Mail,""", , an ambassador for Canadian charity World Vision and , , are said to have grown close over their passion for changing the lives in Africa.""",,,,
Daily Mail,Now she appears to be continuing Diana legacy by inspiring a generation of young people achieve their ambitions.,,,,
Daily Mail,"""The yoga-loving  based in Toronto, who spent a romantic few days with the  in London before he spent Christmas at Sandringham, Norfolk, says: 'While my life shifts from refugee camps to",red,car,"pets,","I choose them both because these worlds can, in fact, coexist. And for me, they must."""
Daily Mail,"""'I never wanted to be a lady who lunches – I've always wanted to be a woman who works. And this type of work is what feeds my soul, and fuels my purpose,' she added. """,,,,
Daily Mail,"""One of the girls she met during her visit to the country is 15-year-old Cecile Mugwaneza, a gifted schoolgirl from a poor farming family.""",,,,
Daily Mail,Cecile told MailOnline: 'I did not know   before I met her but she has become my friend. She asked me about my education and I told her everything. She has inspired me to become a doctor,.' ,,,
Daily Mail,"""Sitting on a hand-built, wooden bench, softly spoken Cecile explained how the , and World Vision, came to her rural school to open new toilets - and changed her life.""",,,,
Daily Mail,"""Cecile said she had to share one toilet with 1,650 children at the Mbandazi village school, over an hour drive outside the capital Kigali, meaning pupils couldn't concentrate on their s",tudi,"es.""",,
Daily Mail,'Before the new latrines all the boys and girls had to share the same toilet. Now we can come here any time without waiting. We also don't have to waste time away from class. Everyone ca,n co,ncen,trate,much better now. 
Daily Mail,'I am not the best student in the class but I always try my best. ,,,,
Daily Mail,'I make every effort I can. If I do not understand something I asked the teacher after the class and ask her to explain it to me again.,,,,
Daily Mail,After I met  I did my national exams. I hope I do well enough to get a place at secondary school.',,,,
Daily Mail,She added: 'I would like to write to her but I cannot speak English and she does not speak my language.,,,,
Daily Mail,"""But if I could write her a letter I would say; """"Dear , I miss you. I would love to see you again because you are my friend. You have inspired me to do my best at school, to become a do",ctor,""""".'","""",
Daily Mail,"""As Cecile spoke family and friends gathered in the swept-dirt courtyard of her mud-brick home, chickens pecked the ground for insects and seeds, infant cousins played in the bushes. """,,,,
Daily Mail,"""Bicycles transporting hands of green bananas, bright yellow water containers and passengers along the uneven unmade road through the plant fence. """,,,,
Daily Mail,"""Others carry baskets, bowls and firewood on their heads. Barefoot children wave as they walk past with, their parents carry hoes, machetes and other tools as they return home from tendi",ng t,heir,fiel,"ds."""
Daily Mail,"""Her hands caked in mud, Cecile too had just returned from the fields, a 45-minute walk-away, where she helps her farmer father Didace to grow sweet potato, cabbage and aubergines. """,,,,
Daily Mail,"""'Now I help my family to cultivate the land,' Cecile explained. 'We grow vegetables to eat. I get rid of the weeds and dig the earth.""",,,,
Daily Mail,"""'I am very good at science, which I like because it is important for the environment. If you want to be a good farmer you need to be good at science as well. """,,,,
Daily Mail,'But I want to become a doctor so I can help all of the people. I would like to specialise in treating women.',,,,
Daily Mail,Cecile was inspired to reach for her highest limits of her ambition after she was chosen to meet .,,,,
Daily Mail,"""The youngster did not know much about the British  but her aunt Jane told her of Princess Diana and her inspirational work, particularly in Africa where in 1997 she walked through a min",efie,ld i,n Ang,"ola to highlight the plight of victims."""
Daily Mail,Jane told MailOnline: 'I know Princess Diana. She helped African children. Now this lady  is helping African children as well.' ,,,,
Daily Mail,"""Another girl inspired by  is Florence, 12, who is from a village more than an hour drive from a tarmac road in the remote Bugesera District. """,,,,
Daily Mail,She used to have to travel for up to nine hours a day on a broken bicycle and brave a crocodile and hippopotamus-infested river to draw drinking water – her best option.,,,,
Daily Mail,Florence was forced to drop out of school – a luxury for many poor Rwandan youngsters – due to her family crippling poverty.,,,,
Daily Mail,She explained: 'I went to school for three years. I had lots of friends. Where we get the water is very far from home. Often I get sick when I drink the dirty water.  ,,,,
Daily Mail,""" took up the role as figurehead for the development agency after seeing first-hand the daily struggle of people in Rwanda, where 800,000 were victims in the 1994 genocide and used her c",eleb,rity,stat,"us to help. """
Daily Mail,"""She had been drawn to the heart of Africa to experience mountain gorillas, two years ago - but the resilience of the the people there left a lasting impression and she returned to the c",ount,ry i,n Feb,"ruary. """
Daily Mail,"""Bumping along dirt tracks, crossing crocodile-infested rivers and scaling some of Rwanda countless hills the  marvelled at how something as simple as a tap bearing clean water could tra",nsfo,rm t,he li,"ves of so many. """
Daily Mail,"""As the face of World Vision Canada, the charity that helps 600,000 people with 29 long-term projects, she brought the harsh reality of daily life in Rwanda into the homes of millions se",cure,in,the p,"rivileged western world."""
Daily Mail,""" came to Rwanda to see the mountain gorillas but when she saw how difficult life can be here she wanted to help,' George Gitau, National Director of World Vision Rwanda told MailOnline.","""",,,
Daily Mail,he became an ambassador for World Vision after visiting our country. She wanted to help young people find a brighter future. She is very committed to development in Rwanda. She is very w,arm,and,kind,and she is very natural with people.'
Daily Mail,What would  say?   strips to a skimpy negligee for a VERY racy bedroom scene with her on-screen boyfriend in Suits,,,,
Daily Mail,""", , filmed in bed with on-screen boyfriend played by Patrick J Adams""",,,,
Daily Mail,Pair are seen chatting before becoming engaged in passionate clinch,,,,
Daily Mail,Has previously admitted she's worried about 'sexiness' of her character,,,,
Daily Mail,preparing to celebrate festive season with royals at Sandringham  ,,,,
Daily Mail,"""He's been missing his   since they went their separate ways at the weekend and probably the last thing   would want to see is images of  , , in bed with another man. """,,,,
Daily Mail,"""However, the  had better get used to it as newly unearthed footage from the fifth season of Suits shows the  wearing a skimpy black slip as she engages in a passionate clinch with her o",n-sc,reen,boyf,"riend. """
Daily Mail,"""Luckily for ,  received a funny reminder of the  today when a cab from a firm called Royal collected her outside her Toronto home.""",,,,
Daily Mail,Her outing came as newly unearthed footage shows her character Rachel Zane cosying up to on screen boyfriend Mike Ross between the sheets.,,,,
Daily Mail,"""In the scene,  who is wearing a skimpy black slip, can be seen chatting to her on screen lover in bed before they become entangled in a passionate clinch. """,,,,
Daily Mail,It's by no means the first time  has taken on a steamy scene on screen.  ,,,,
Daily Mail,And she has even admitted to becoming concerned about the number of Suits sex scenes she has starred in and the 'sexiness factor' of her Suits character.,,,,
Daily Mail,She added that she avoids skimpy clothes because her mother warned her to 'never give the milk away for free'.,,,,
Daily Mail,"""On her Suits outfits she said: 'Yes, those pencil skirts on the show are fit within an exhale, but I fight to get that paired with a men's oversized shirt for balance.'""",,,,
Daily Mail,Currently  is preparing to celebrate Christmas with the  at Sandringham. ,,,,
Daily Mail,"""The festivities are for close family only, but although  was not invited the Queen is said to be 'fully supportive' of her grandson's relationship with the .""",,,,
Daily Mail,"""The , who has been dating Miss  for several months, is said to have received the royal seal of approval from his grandmother.""",,,,
Daily Mail,Speaking to US magazine a source claimed to be a ' insider' said that Her Majesty is 'fully supportive' of  romance.,,,,
Daily Mail,They added: 'She’s delighted to see  in a loving relationship'. MailOnline has contacted the palace for a comment. ,,,,
Daily Mail,returned to Toronto for Christmas with her family on Tuesday after enjoying a week in London wither boyfriend .,,,,
Daily Mail,The pair went shopping for a Christmas tree and attended The Curious Incident Of The Dog In The Night Time at a West End Theatre.,,,,
Daily Mail,"""However, royal duty beckoned for  this week, and  jetted back to Toronto where she is based to spend the festive season apart from her boyfriend.""",,,,
Daily Mail,"""Only close family and occasionally friends join the senior royals at Sandringham, and it's too soon in  romance with the Suits  for her to be invited by the Queen.""",,,,
Daily Mail,"""However,  made sure to drop her off at Heathrow airport personally on Sunday morning.""",,,,
Daily Mail,"""The  was accompanied by airline staff prior to boarding her flight, while the  was flanked by five police protection officers.""",,,,
Daily Mail,s sad rift from her sister revealed by family members who speak of sadness that older sibling's attacked 'classy',,,,
Daily Mail,"""Samantha Grant, 52, has spoken out against her half-sister   since the Suits 's relationship with   became public """,,,,
Daily Mail,Now Grant's immediate family tell DailyMail.com that they are on 's side and that Grant has driven the split ,,,,
Daily Mail,Grant's mother - who was  's father's first wife - says: 'Samantha has been dogging her for the last 20 years',,,,
Daily Mail,Samantha's ex-husband said: ' has done nothing wrong. She didn't deserve this',,,,
Daily Mail,"""Grant is estranged from her mother and two brothers, and is believed to have a fraught relationship with her father, Thomas, 's dad""",,,,
Daily Mail,"""    , is at the center of a sad family rift that has seen her lose contact with her older half-sister Samantha Grant, DailyMail.com can disclose.""",,,,
Daily Mail,"""The -year-old  has been repeatedly criticized by Grant, her father's elder daughter, who is 52.""",,,,
Daily Mail,"""But DailyMail.com can reveal the reason behind it - a split in the family which members said was not caused by , who one said 'is very classy'.""",,,,
Daily Mail,"""Instead, they said, the rift appeared to have been driven by Grant, who has not spoken to the  since 2008 and has - some said - long been jealous of her success.""",,,,
Daily Mail,"""Grant and her brother Thomas  Jr are the elder children of Thomas , by his first wife Roslyn. He then married yoga teacher Doria Ragland, 60, and had , though the couple later divorced",when,she,was,"six."""
Daily Mail,"""Speaking for the first time about  , Roslyn, 71, who lives in Albuquerque, New Mexico,  of the family’s sadness over the rift.""",,,,
Daily Mail,""" is very pretty, very nice, very polished and very classy,' said Roslyn.""",,,,
Daily Mail,"""I never hear anything but good about her from my son Thomas [Jr, 's older half-brother]. But Samantha, Samantha has been dogging her for the last 20 years.""",,,,
Daily Mail,Everything she has said about her [Miss ] is a lie.',,,,
Daily Mail,"""Roslyn 's comments were echoed by her younger son Bobby Lucero, , and Grant's former husband Scott Rasmussen, 57, both of whom live in Albuquerque.""",,,,
Daily Mail,"""Grant is now estranged from her mother and two brothers. She divorced Rasmussen when their daughter Noelle, now 18, was five.""",,,,
Daily Mail,"""Her relationship with her father Thomas, who lives in Mexico, is also thought to be fraught – as are her dealings with her own two older children, Ashleigh, 31, and Christopher Hale, 30",".""",,,
Daily Mail,"""Following their 2003 divorce, Grant initially won custody of Noelle but the teenager has lived with Rasmussen, a Marine Corps veteran and a well-respected armorer in the film industry,",and,his,wife,"Cheryl, 57, at their Albuquerque home since she was 14."""
Daily Mail,"""Both Roslyn  and Rasmussen say Grant, a former model and , has pursued litigation against them in court to the point of being vexatious – a claim that appears to be borne out by legal d",ocum,ents,seen,"by DailyMail.com."""
Daily Mail,"""In July 2015, Grant took out a restraining order against her mother but it was dismissed just one week later. A month later, records show Grant lodged a personal injury claim against Ra",smus,sen,– but,"it was also thrown out."""
Daily Mail,"""In a further twist to the tale, Grant herself was booked on one count of using the 'phone to terrify/intimidate' in December 2011. That too was thrown out after the witness, Rasmussen,",fail,ed t,o app,"ear in court."""
Daily Mail,"""  is understood to have been dating   since June, after meeting him during his whirlwind trip to Toronto in May for the launch of the 2017 Invictus Games.""",,,,
Daily Mail,"""The , who is from Los Angeles but is based in the Canadian city, has since made several visits to London and was pictured in the British capital with her royal boyfriend last week. On M",onda,y sh,e was,"seen arriving at Toronto airport after spending time with the ."""
Daily Mail,"""Her Christmas plans are not yet known; her boyfriend will spend Christmas Day with the Queen and other members of the  at Sandringham, their English country retreat.""",,,,
Daily Mail,Grant was the first member of her extended family to speak about the ’ new relationship and used a number of interviews to speak critically of .,,,,
Daily Mail,Grant had claimed that  is nothing but a 'social climber' who turned her back on the  family and hasn't spoken to her since she became wheelchair-bound in 2008 with Multiple Sclerosis.,,,,
Daily Mail,Grant said she had brought up the  for 12 years when she lived in California and declared: 'The  would be appalled by what she's done to her own family.,,,,
Daily Mail,"""The truth would kill her relationship with  , he wouldn't want to date her any more because it puts her in a bad public light.""",,,,
Daily Mail,I certainly don't think  or his family would want to associate with her afterwards.',,,,
Daily Mail,Recently Grant has reverted to using the surname .,,,,
Daily Mail,"""Grant's own mother, however,  that she should not be believed in any form.  """,,,,
Daily Mail,"""She thought she was just going to be able to discredit  and   was going to say, """"Oh well, ta ta with you"""",' Roslyn  .""",,,,
Daily Mail,"""'But when she found out that they were still dating and the relationship might be going somewhere, she wanted into the limelight.""",,,,
Daily Mail,She wants back in 's good graces because of the limelight and the attention.',,,,
Daily Mail,Roslyn  added: 'She thought she could ruin things for her [Miss ] with  and now she's realized they will keep dating whatever she says.,,,,
Daily Mail,Now she's sucking up to her. She just wants money – she has always demanded money from .',,,,
Daily Mail,"""Of   herself, Roslyn  said: 'I just don't want  hurt. Obviously she [Miss ] was hurt by what Samantha said and she doesn't need her getting involved in her life.""",,,,
Daily Mail,I really do wish  well.',,,,
Daily Mail,Her comments echo those made by other members of the extended family.,,,,
Daily Mail,"""Scott Rasmussen, Grant's ex-husband said: 'I disagree with the statement that she raised her until she was 12 because her father Tom, he said that when  was born, Samantha distanced her",self,fro,m the,"family."""
Daily Mail,She did go to visit and she got a couple of nice pictures of her holding  as a baby but don't believe the rest. Even Samantha's mom said that did not happen. They [Grant and Miss ] are n,ot c,lose,at a,ll.'
Daily Mail,"""He added: 'Even when she was married to me, [Samantha] was always complaining about her sister.""",,,,
Daily Mail,"""'She would always say, """"Oh, dad is helping her in her career – why isn't he helping me?"""" And I'd be thinking, well, because you have a bad attitude.""",,,,
Daily Mail,has done nothing wrong and has never hurt anybody. She doesn't deserve this.',,,,
Daily Mail,"""And Lucero, who is half-brother to Miss 's older half-siblings but no relation to her, said his brother Thomas, 50, had also been left outraged by Grant's comments.""",,,,
Daily Mail,"""He's furious,' Lucero . 'He's real upset with how she did that [spoke about ].""",,,,
Daily Mail,Samantha is not a good person. She's mean and vindictive and she's just all about herself. She's jealous and obviously thought that should probably be her [dating  ].,,,,
Daily Mail,"""Ever since I can remember, she's had nothing good to say about . It's always been like, """"this little bee is taking advantage of my dad"""".'""",,,,
Daily Mail,"""Lucero, who said he was 'excited' about the prospect of having a royal in his extended family, also shared a childhood photo of the 's  - in which the baby girl is seen sittin",g on,her,brot,"her Thomas Jr's lap."""
Daily Mail,"""Miss , confirmed Rasmussen, is hugely popular with the rest of the family and he described her as a 'happy person' who is adored by her niece Noelle.""",,,,
Daily Mail,"""She's very nice,' he . 'Her brother Tom out in California – he agrees she's the nicest person in the family, actually. My daughter [Noelle] loves her.""",,,,
Daily Mail,""", she's one of those people who doesn't cause trouble for anybody. She's a happy person.'""",,,,
Daily Mail,hasty exit: Besotted  leaves   's Toronto apartment under cover of dusk to head home - arriving back in London for charity engagement with just hours to spare,,,,
Daily Mail,""" , , made a 1,700-mile detour to visit   in Toronto""",,,,
Daily Mail,They are believed to have spent Sunday and Monday night at home together,,,,
Daily Mail,The royal was seen leaving his 's apartment yesterday afternoon,,,,
Daily Mail,He hopped on an overnight flight to arrive in London in time for a charity event ,,,,
Daily Mail,photographed sneaking out of   's apartment under the cover of dusk after a whirlwind mini-break in Toronto.,,,,
Daily Mail,"""The besotted royal, , made a 1,700-mile detour to visit the American  on the way back home from an official tour of the Caribbean on Sunday.""",,,,
Daily Mail,"""He had been scheduled to fly directly to London from Barbados but instead stopped off in Toronto, where Miss , , is based while filming US TV legal drama Suits.""",,,,
Daily Mail,The couple spent two nights holed up together before  broke cover yesterday afternoon and darted out to a waiting car and headed for the airport.,,,,
Daily Mail,The  took a 6.30pm British Airways flight from Toronto to London arriving at 6.25am - in time for an official engagement in the City less than four hours later. ,,,,
Daily Mail,"""While  will reimburse the public purse for the cost of his flights, the security officers seen with him outside 's apartment are thought to be Canadian, and funded by Canadian taxpayers",".""",,,
Daily Mail,"""Less than four hours after landing in London, he arrived bleary-eyed at the annual ICAP charity day, which sees traders donate all of their profits to a series of charities, including h",is o,"wn,",Sente,"bale, which supports orphans and children affected by the HIV/Aids epidemic in Lesotho."""
Daily Mail,"""After almost three weeks apart,  and Miss  enjoyed a low-key weekend inside Miss 's apartment.""",,,,
Daily Mail,"""Security staff were positioned around the property and guards with earpieces patrolled the area, a witness said. """,,,,
Daily Mail,"""On Tuesday afternoon, a male figure with a hood over his head ran out of Miss 's home and bundled into a waiting car. The vehicle sped away, followed by a security truck.  """,,,,
Daily Mail,"""Following his 15-day tour of the Caribbean,  had been scheduled to return immediately to Britain on a commercial flight funded by the taxpayer. """,,,,
Daily Mail,"""In the hours before  was due to leave, aides maintained the  would be returning to London. However he later took a different flight to Toronto.""",,,,
Daily Mail,An official said that in any situation costs incurred to taxpayers as a result of altered plans or extra flights taken would be met 'privately'.,,,,
Daily Mail,has previously stated that members of the  should be 'actively discouraged' from combining official and personal trips.,,,,
Daily Mail,"""Following a 2004 investigation into visits by  uncle,  Andrew - who earned the nickname Air Miles Andy for his 'excessive' foreign travel - the Royal Household told the National Audit O",ffic,e: ',Membe,"rs of the  are entitled to grant-in-aid for official travel, as are their staff and, where capacity permits, other officials. """
Daily Mail,"""'They meet their own costs, however, for private travel. In order to avoid confusion, combining private and public engagements in the same trip is actively discouraged.'""",,,,
Daily Mail,"""Despite the guidance, royals do on occasion mix personal trips with official engagements.""",,,,
Daily Mail,"""It is unlikely that  change of plans was made at the last minute because the  has security with him at all times. As he was visiting a Commonwealth realm, local authorities would also h",ave,need,ed to,"be notified in advance."""
Daily Mail,"""While  will reimburse the public purse for the cost of his flights, the security officers seen with him outside 's apartment are thought to be Canadian, and funded by Canadian taxpayers",".""",,,
Daily Mail,and his  are also believed to be planning a pre-festive getaway together before he returns to Sandringham in time for Christmas.  ,,,,
Daily Mail,The couple have yet to make an official appearance together but  continues to drop subtle hints about the budding relationship.,,,,
Daily Mail,She has been spotted wearing a personalised gold necklace that appears to be subtly decorated with the letters M and H.,,,,
Daily Mail,The  also posted an Instagram photo showing her dog Guy dressed in a Union Jack printed coat. ,,,,
The Telegraph,The Duke of Cambridge approved Prince  plea to trolls to leave   alone,,,,
The Telegraph,"The Duke of Cambridge gave  his blessing to issue a controversial statement about alleged harassment of his   , it emerged on Saturday.",,,,
The Telegraph,"The two brothers had a heart to heart conversation about whether it was right to make a public plea to internet trolls to stop their “abuse” of Miss , which also officially confirmed the Prince and Miss  were an item.",,,,
The Telegraph,"Although the Duke is understood to have been wary of setting a precedent for confirming royal relationships, he agreed with his younger brother that the situation had gone too far and that something had to be done.",,,,
The Telegraph,"Prince William, Duke of Cambridge, gave his blessing for  to issue a statement about  .Credit: David M. Benett/2016 David M. Benett",,,,
The Telegraph,"It was reported on Saturday that the Duke was unhappy with ’s decision to go public, but  issued a statement at the Duke’s specific request to say that the opposite was true.",,,,
The Telegraph,It said: “The Duke of Cambridge absolutely understands the situation concerning privacy and supports the need for  to support those closest to him.”,,,,
The Telegraph,"The Duke, 34, never issued public statements about his love life, except on one occasion, before he began dating the Duchess of Cambridge, when his staff denied he was in a relationship with his friend Jecca Craig.",,,,
The Telegraph,"A royal source told The Telegraph: “They don't issue statements like that without talking to each other, and they talked about the   statement extensively in advance of it being put out.",,,,
The Telegraph,The Duke of Cambridge gave  his blessing to issue a controversial statement about alleged harassment of his   .Credit: Gregory Pace/BEI/Shutterstock/Gregory Pace/BEI/Shutterstock,,,,
The Telegraph,“The Duke was as alarmed as anyone about what was happening with .,,,,
The Telegraph,"“No-one wanted to have to put that statement out, including , and there was concern about confirming the relationship.",,,,
The Telegraph,“But over the course of one weekend things escalated to the extent that  felt he had to act.”,,,,
The Telegraph,Another royal insider said: “There is just no way  would have put that statement out if William had disapproved.”,,,,
The Telegraph,", , shares the same media advisers as his 34-year-old brother, meaning both brothers are consulted on anything that affects them both.",,,,
The Telegraph,"The Prince had been secretly dating American actress Miss , , since June, and said they had been together “a few months” when the statement was issued on November 8.",,,,
The Telegraph,"The two princes have issued a handful of joint public statements over the years, mainly about their mother Diana, Princess of Wales and her treatment by the media.",,,,
The Telegraph,"Prince     would not fit in with the Royal family, her half-sister claims",,,,
The Telegraph,"’s new    would not fit in with the Royal family because of her behaviour, her half-sister has claimed.",,,,
The Telegraph,"The actress, best known for her role in US legal drama Suits, is allegedly driven by “social climbing” and wants to “become a princess”, Samantha Grant, 51, said.",,,,
The Telegraph,"Her desires have allegedly led to the -year-old failing to contact her family as often as her half-sister would like, The Sun reported.",,,,
The Telegraph,The actress's desires have allegedly led to the -year-old failing to contact her family as often as her half-sister would likeCredit: Matt Barnes / Chilli Media,,,,
The Telegraph,"It comes after sources said yesterday , , and Miss  had been serious since August, having met in the summer .",,,,
The Telegraph,"Ms Grant, who lives in Florida, told the paper had a ""soft spot"" for gingers. She added: ""Hollywood has changed her. I think her ambition is to become a princess… it was something she dreamed of as a girl when we watched the royals on TV.""",,,,
The Telegraph,She claimed that she had not spoken to Miss  much since being diagnosed with multiple sclerosis eight years ago.,,,,
The Telegraph,"""I am not sure how the Queen would feel about someone who shuns their own family,” she claimed. “ is narcissistic and selfish, I think the Royal family would be appalled.""",,,,
The Telegraph,"She added to the Daily Mail : “The truth would kill her relationship with , he wouldn't want to date her any more.” The Telegraph has contacted representatives for Miss  for comment.",,,,
The Telegraph,"Miss ’s sister, a former actress and model, also claimed their father, Thomas , had known about the alleged royal romance for as long as five months.",,,,
The Telegraph,"Both papers also reported that Mr , 72, had recently become bankrupt, having once been a successful lighting director in America.",,,,
The Telegraph,The reports come after the actress declared she was the “luckiest girl in the world” in an interview with a Vancouver newspaper.,,,,
The Telegraph,She did not comment on the rumours in the interview but admitted she was a “brash American” who liked to have her say and worried about the sexiness of her character in Suits.,,,,
The Telegraph,"Miss  also posted several new images on social media, including one of a pair of bananas ""cuddling"" each other with the caption ""sleep tight"" and another of an elephant teapot and cup.",,,,
The Telegraph,"She also posted a picture of her two dogs and promoted her lifestyle website, The Tig, in a breakfast shot. Her new clothing line is released this week.",,,,
The Telegraph, has not commented on the romance claims.,,,,
The Telegraph,  and the making of a very modern princess,,,,
The Telegraph,"When  issued his statement this week confirming his relationship with US actress   while condemning the invasion of her privacy, it was impossible not to feel a contradictory admixture of compassion, curiosity and concern.",,,,
The Telegraph,"Compassion, because one of our best loved royals was clearly in extremis, but insatiable curiosity too; of course we wanted to know more about the humanitarian beauty who has stolen the heart of Britain’s most eligible bachelor.",,,,
The Telegraph,"However, there is also concern that she, like Chelsy Davy and Cressida Bonas before her, could find the intense levels of scrutiny too much to endure. , , was this week spotted dressed down and buying groceries at Whole Foods on Kensington High Street, a stone’s throw from ’s lodgings at the nearby palace. The fact she was wearing his baseball cap - as s are wont to do - was greeted with the sort of giddy delight usually reserved for the appearance of a glittering rock on the left hand.",,,,
The Telegraph,"According to the statement,  had been subject to “a wave of abuse and harassment”, and received racist and sexist comments from social media trolls and in online article comments.",,,,
The Telegraph,"Yet  is made from stern stuff, and many will be hoping their romance is given time and space to blossom. For this self-made, self-assured woman seems the perfect embodiment of a 21st century princess.",,,,
The Telegraph,"Outspoken on gender matters and admirably articulate on race issues, she was the product of a mixed marriage, although her parents divorced when she was six. Her clinical therapist mother, Doria, is African American and her father, Thomas, a television lighting director, is white.",,,,
The Telegraph,"Her great great grandfather was born into slavery and freed at the end of the Civil War, something that must surely lend added impetus to her views on discrimination and inequality.",,,,
The Telegraph,"A global ambassador for World Vision Canada who has traveled to Rwanda as part of a clean water campaign, she has also worked with United Nations Women in the field of gender equality.",,,,
The Telegraph,"“I’ve never wanted to be a lady who lunches,” she has said. “I’ve always wanted to be a woman who works. And this type of work is what feeds my soul, and fuels my purpose.”",,,,
The Telegraph,"Her lifestyle blog, The Tig, covers the standard themes of food, travel, fashion and beauty, but to her credit, doesn’t shy away from hard-hitting subjects; visitors might come for the cookie recipes but they will also find insightful think-pieces about politics, social change and world poverty.",,,,
The Telegraph,"Simultaneously, she offers old-fashioned charm, with a talent for calligraphy thanks to her convent school upbringing, describing herself as “a lover of handwritten notes”.",,,,
The Telegraph,"Her first campaign against injustice came when she was 11, and so infuriated by a sexist washing up advert with the strapline “Women all over America are fighting greasy pots and pans” that she fired off angry letters to everyone she could think of, including the then First Lady, Hillary Clinton.",,,,
The Telegraph,Within months the wording was changed to “People all over America”. It was a sweet victory.,,,,
The Telegraph,"Although academic, the acting bug took hold when her father took her along to the set of the sitcom Married...With Children and so, after graduating from Northwestern University School of Communication with a combined major in theatre and international relations,  went into acting.",,,,
The Telegraph,"She appeared in various shows including CSI and later in films including Horrible Bosses and Get Him to the Greek, making ends meet in the early days by using her calligraphy skills on high-end wedding invitations.",,,,
The Telegraph,"Having married her boyfriend of seven years, they divorced two years later and she often Instagrams pictures of herself in bed with Guy and Bogart, her rescue dogs.",,,,
The Telegraph,"Accomplished and socially engaged, by any standards  is a rare catch. No wonder  made the bold move of simultaneously announcing his relationship and ordering the press to back off as though his very future depended on it. It does.",,,,
The Telegraph,"The -year-old Prince, an exuberant, passionate character who served twice in Afghanistan as a helicopter pilot, was once described as having the courage of a lion but the mores of a frat boy.",,,,
The Telegraph,"But the lad who lost his mother at the age of 12 has grown up a lot since 2012, when he was photographed naked at a pool party in Las Vegas .",,,,
The Telegraph,Prince  future depends on this relationshipCredit: Reuters,,,,
The Telegraph,"Now his elder brother has children, and he is slipped to fifth in line for the throne,  has become ever more involved with charities and causes close to his heart.",,,,
The Telegraph,"He met  this year at the Invictus Games - his Olympic-like sporting event for disabled servicemen and women that was this year held in Canada (she decamped several years ago to Toronto, where the US drama Suits, in which she stars, is filmed).",,,,
The Telegraph," has made no secret of his desire to settle down, marry and start a family and we have all hoped that he would find The One. But we also knew that his choice of bride would be very different from that of his brother, William .",,,,
The Telegraph,"Kate Middleton, now the Duchess of Cambridge, has fitted into her role of future queen with the requisite dignified aplomb. A classic English rose, she has delivered an heir and a spare, looks divine in demure designer gowns and very wisely keeps her own counsel.  , with her upfront attitudes and vocal opinions, is a very different proposition.",,,,
The Telegraph,"’s early love, Chelsey Davy, a law graduate turned jewellery designer, has spoken of the pressures she endured during their seven-year relationship that ended in 2010.",,,,
The Telegraph,"“It was so full-on: crazy and scary and uncomfortable,” she said. Cressida Bonas called it quits after two years in 2014, reportedly spooked by the attention.",,,,
The Telegraph,Will it be third time lucky for ?  has apparently already met with members of the royal family and by all accounts proved to be an instant success.,,,,
The Telegraph,"Truthfully, the House of Windsor would be greatly enriched by the union - and should be quietly buoyant that  has tracked down his very own, very singular Miss .",,,,
The Telegraph,"Mary, 44, met the Crown Prince Frederik in her native Australia in a local Sydney pub when he was visiting for the 2000 Olympics. At the time, she was working in advertising and sales, but now she campaigns for LGBTQ rights, anti-bullying programmes and has been labelled one of the most stylish royals of all time.",,,,
The Telegraph,"Before Queen Letizia met then-Prince Felipe, she was a journalist and news anchor working for Spain’s TVE. She was also a divorcee, after a one-year marriage to a high school teacher she had dated for 10 years. She is now mother to two Princesses, but is still unafraid to show off her edgy side: last week she attended an awards ceremony in a studded, black leather peplum top.",,,,
The Telegraph,"Though Queen Maxima comes from landed gentry, her relationship with Willem-Alexander was far from conventional. The Argentinian was working for Deutsche Bank when she met the Crown Prince at a party in Seville. Today, Queen Maxima has three daughters and is passionate about integrating immigrants into Dutch culture.",,,,
The Telegraph,Could  ever marry divorcee  ? There are royal precedents,,,,
The Telegraph," is rumoured to have a new love interest:  , a -year-old American television actress who lives in Toronto.",,,,
The Telegraph,"As is the way with these things, Ms  - best known for her role in the legal drama, Suits - combines her acting career with being a UN advocate and style blogger, boasting a million followers on Instagram, where she describes herself as a “lover of handwritten notes”.",,,,
The Telegraph,"Breathless reports declare that the two have been an item for six months, share a love of yoga, and sport matching friendship bracelets. The -year-old prince is described as “besotted”.",,,,
The Telegraph,"One detail that no one seems unduly concerned about is that  is a divorcee, following a marriage to a film producer that ended in 2014.",,,,
The Telegraph,"“And why should they be?” those of a more nipperish persuasion may demand. Yet to anyone hoary enough to remember the sacrifice made in the Fifties by Princess Margaret, the nonchalance about such matters will represent a significant sea change.",,,,
The Telegraph,"After the Queen’s sister made clear her plans to marry Group Captain Peter Townsend, a divorced war hero and former equerry to George VI, the relationship was called off. “Mindful of the Church’s teaching that Christian marriage is indissoluble, and conscious of my duty to the Commonwealth, I have resolved to put these considerations before any others,” ran her official statement on the matter .",,,,
The Telegraph,"The prejudice against royal love interests who have previously been hitched goes back a long time. Certainly, in 1152, when Eleanor of Aquitaine renounced her position as Queen of France to wed burly, testosterone-pumped Henry II, her non-virginal status was used to undermine her. Rumours of her unqueenly sexual appetite abounded, and she was said to have enjoyed relations with her uncle, her new husband prior to wedlock, and his father.",,,,
The Telegraph,"In the 15th century, widow Elizabeth Woodville was accused of deploying witchcraft to charm Edward IV, so extraordinary was it for royalty not to be united with virginal stock. More typically, having already seen off three wives, Henry VIII argued that his repulsion for Anne of Cleves lay in her being “no maid”; while George IV was similarly dismissive of his detested Caroline of Brunswick’s virtues, informing Lord Minto that she had mixed tooth powder and water to fake hymeneal blood. The message was clear: while a male royal was expected to have a past, his intended must produce a (genuinely) bloodied bedsheet.",,,,
The Telegraph,"George III’s Royal Marriages Act of 1772, requiring royals to obtain permission from the Sovereign to wed, marked his attempt to inculcate Protestant family values: no Catholics, no commoners, and certainly no one who had been married before (his son George IV’s paramour, Mrs Fitzherbert, being all three).",,,,
The Telegraph,"Of course, the most dramatic altercation over a royal and a divorcee came in the abdication crisis of 1936, when Edward VIII sought to marry Wallis Simpson. Mrs Simpson, notoriously, was an American socialite divorced from her first husband, while attempting to shed a second, and was considered nothing if not sexually and socially knowing, if rumours concerning her Shanghai brothel tricks and upwardly mobile aspirations were to be believed.",,,,
The Telegraph,"When George V died in January 1936, prime minister Stanley Baldwin made clear that the government, popular opinion and the overseas dominions (now the Commonwealth) could not approve the new king’s marital ambitions; not least in his capacity as head of the Church of England, which did not permit remarriage following separation. If Edward married against the advice of his ministers, it would cause the government to resign, creating a constitutional crisis.",,,,
The Telegraph,"In December, Edward chose to abdicate, leaving his brother, the Queen’s beloved father, to become George VI. This marked the beginning of a feud between the Queen Mother and “that woman” that was to last the duration of their lifetimes: the former believing her husband’s life was cut short by the stress of becoming king, Wallis thus sentencing her to decades of widowhood.",,,,
The Telegraph,"It also meant that, when her youngest daughter, Margaret, later fell passionately in love with Group Captain Peter Townsend in the Fifties, it was still unthinkable for a royal to marry a divorcee. And so the Princess was forced to renounce her hero, despite becoming a divorcee herself some 30 years later.",,,,
The Telegraph,"The Queen, now 69 years into her own union, issues from a generation in which marriage was something one got on with and stuck to. So her sadness over the separations of Prince Andrew, Princess Anne and Prince Charles in 1992, her “annus horribilis”, was palpable. Such was the unremitting fallout of the Prince of Wales’s conjugal collapse, that, three years later, she would write to both parties stating that a divorce was desirable.",,,,
The Telegraph,"But in a move that was interpreted as redemptive, in 2005 she gave her permission for Charles to marry fellow divorcee Camilla Parker Bowles, with a ring that had belonged to his staunchly anti-separation grandmother. She and Prince Philip did not attend the civil ceremony, but were witnesses at the marriage’s blessing, and held a reception for the newlyweds at Windsor Castle.",,,,
The Telegraph,"Despite this, some attribute the Queen’s fondness for Prince Edward’s wife, Sophie, Countess of Wessex, as testament to the Countess’s being a “tremendous sticker” (Nancy Mitford’s term to describe the opposite of a marital “bolter”). And she may harbour similar hopes for fellow commoner Catherine Middleton, whom she permitted her grandson to marry in 2010.",,,,
The Telegraph,"Still, times change, and with them social mores. Today, with divorce statistics falling because marriage rates are in decline, a divorcee is a different thing: less a bolter like Wallis, more someone who respected the institution enough to give it a whirl, even where that particular union failed. Besides, a woman of  with some experience behind her - sexual as well as life experience - might be expected to fare better as a royal partner than a naïve young virgin barely out of her teens, as  himself will be painfully aware.",,,,
The Telegraph,"As ever, when it comes to royal romances, we are getting ahead of ourselves. Still, it is fair to say that Prince Hal has form when it comes to the old “prince and the showgirl” routine. Gossip has previously linked him with actress Jenna Coleman (who recently played his ancestress, Queen Victoria ), singers Natalie Imbruglia and Mollie King, and television presenters Caroline Flack and Natalie Pinkham . Even society crush Cressida Bonas is a dancer-cum-actress.",,,,
The Telegraph,"His uncles Andrew and Edward both succumbed to ladies of the stage, be it i n the form of Koo Stark with her erotic film performances, or Ruthie Henshall hoofing it up. “Pretty, witty Nell” Gwyn gave Charles II two sons, while George IV’s mistresses included actress Mary Robinson.",,,,
The Telegraph,"Edward VII’s conquests began with Nellie Clifton, an actress smuggled into his tent while he was on manoeuvres, later mistresses including Lillie Langtry and Sarah Bernhardt. Even George VI, a staunch family man, boasted an infatuation with the beautiful songstress Boo Laye.",,,,
The Telegraph,"A woman able to act the part would be just the ticket for the modern Firm. After all, both are in the same line of business, only  boasts a bigger budget. Who knows, perhaps even the Queen might be persuaded that - despite being a divorcee - Ms  may be just what’s needed to keep the show on the road.",,,,
The Telegraph,Watch Prince     take a 'Britishness test' - and fail,,,,
The Telegraph,"American actress   has been romantically linked to  recently, and a video from June has emerged of her taking a 'Britishness test'.",,,,
The Telegraph,"She will have to brush up on her knowledge of Britain if she one day joins the Royal Family, as in the test conducted by Dave the actress got a fair few of the questions wrong.",,,,
The Telegraph,"Ms  managed to identify Fursty Ferret as a real ale, but not Hoptimus Prime.",,,,
The Telegraph,The actress also guessed (wrongly) that Little Trouser was the name of a real British place and did not realise Sandy Balls or Happy Bottom were places you could visit.,,,,
The Telegraph,"She also scandalously claimed Vegemite was a superior spread to Marmite, and her knowledge of Cockney rhyming slang was poor.",,,,
The Telegraph,Ms  additionally did not know the national animal of England is a lion and was shocked the national animals of Scotland and Wales are mythical - a unicorn and a dragon respectively.,,,,
The Telegraph,"She realised she had not done very well, admitting she was ""the worst at this game"".",,,,
The Telegraph,"The Suits actress may have been improving her knowledge of Britain in the past week, as  has allegedly spent it at her house in Canada.",,,,
The Telegraph,"The Prince arrived in Toronto last Friday, unaware that news of their pairing was about to break.",,,,
The Telegraph,"He has remained in Canada, reportedly staying in Miss ’s house, as the -year-old actress has come under intense scrutiny, including criticism of her character by her own half-sister.",,,,
The Telegraph,", who is said to be desperate to make the relationship with Miss  work, could stay in Canada until next week, as he has no official engagements until this year’s Remembrance ceremonies begin.",,,,
The Telegraph, and   aren't playing the royal courting game - and her necklace spells it out,,,,
The Telegraph,"Stop all the clocks, cut off the telephone. Prevent the dog from barking with a juicy bone.",,,,
The Telegraph,"Well, perhaps not the telephone bit. After all, how else would you read the news that   has been pictured wearing a necklace ? And not just any necklace - one with personalised ‘H’ and ‘M’ charms on it from celebrity favourite Maya Brenner.",,,,
The Telegraph,"Assuming the -year-old actress isn’t paying tribute to the Scandinavian high street shopping emporium, it seems safe to assume that the jewellery refers to her budding relationship with .",,,,
The Telegraph,"Normally, around about here, I’d point out that we shouldn’t give two figs what a woman wears. That it’s her career we should be talking about, not the contents of her wardrobe.",,,,
The Telegraph,"But look, I do understand the appetite for detail around M (as she shall henceforth be known). She’s not only a talented and successful TV star; but dating Britain’s most eligible bachelor. And we know next to nothing about their relationship, which began in June - cue piqued interest.",,,,
The Telegraph,"Reports have speculated that Prince H, who earlier this week flew back from his tour of the Caribbean via Canada to see M (tough life), gave his  the necklace. While verdicts have ranged from ‘aww’ to ‘ugh’.",,,,
The Telegraph,"I rather like having my initials sprinkled across my accessories. Of course, being ‘CC’ there’s always the chance someone might think I’ve got my hands on a bespoke Chanel design (fat chance).",,,,
The Telegraph,"It adds a unique touch to what is, let’s face it, probably a mass market product. Over the past few years, we’ve become a customisation economy - our initials can be stamped, set or sewn onto jewellery, jackets and handbags. In fact, I’ve just taken delivery of one myself from Australian brand Mon Purse.",,,,
The Telegraph,"In our increasingly narcissistic society, where you can hardly move for selfies, it’s perhaps not surprising that we want to display our ‘personal brands’ through our fashion choices, too.",,,,
The Telegraph,"But there’s also something reassuringly traditional about it. Lest we forget,  comes from a world of monogrammed Savile Row shirts, signet rings and handkerchiefs.",,,,
The Telegraph,"Couples initials though? Sorry, Haz but that is a bit cringeworthy. The sartorial equivalent of changing your relationship status on Facebook or scratching ‘H4M’ onto a tree, inside a heart. And yet, I suspect they couldn't care in the slightest. H and M aren’t playing the classic royal courting game. Thus far, theirs has been a relationship of grand gestures, Palace statements and Instagram pictures of spooning bananas. This necklace is just the next teaser.",,,,
The Telegraph,"Personally, I think  should stick to MM - until the time she can emboss her handbag with HRH, anyway.",,,,
The Telegraph, breaches Royal policy as he jets off to see   at end of Caribbean tour,,,,
The Telegraph, has risked criticism over the use of taxpayers’ money after he flew to Canada to see his    rather than returning to London after his Caribbean tour.,,,,
The Telegraph," had explicitly stated that the Prince, , would be flying straight back to London at the end of the tour, because he has public engagements in the UK to fulfil this week.",,,,
The Telegraph,"But instead, the Prince cancelled his seat on the British Airways flight home, and made a 1,700-mile detour to Toronto to see the woman from whom he cannot bear to be parted .",,,,
The Telegraph,His trip was in contravention of official Palace policy that working visits should not be combined with personal travel.,,,,
The Telegraph, is greeted by dancers during a youth rally on his visit to St Kitts and NevisCredit: Chris Jackson/Getty,,,,
The Telegraph,"Although the Prince paid for his own ticket to Canada, the cost of diverting at least one police protection officer to Toronto to guard him will be met by the taxpayer.",,,,
The Telegraph,Whether  will be able to claim any refund on any pre-paid business class tickets back to London - also paid for with public money - was unclear.,,,,
The Telegraph,"The Prince’s decision to visit Miss , whom he had not seen for three weeks, defied the official Royal Household policy that members of the Royal family should not combine personal trips with official business.",,,,
The Telegraph,"In 2004, after the Duke of York had been criticised for combining official business with golfing breaks, the Royal Household assured the National Audit Office that such behaviour would stop.",,,,
The Telegraph,"The Royal Household said at the time: ""Members of the Royal family are entitled to grant-in-aid for official travel, as are their staff and, where capacity permits, other officials.",,,,
The Telegraph,"“They meet their own costs, however, for private travel. In order to avoid confusion, combining private and public engagements in the same trip is actively discouraged.”",,,,
The Telegraph,"The fact that the Prince has ignored official guidelines in order to spend a brief period with Miss  will only ramp up speculation that he may be considering proposing to the -year-old, who he has been dating since June .",,,,
The Telegraph,"The Prince, who left Guyana on Sunday after the final engagements of his two-week Caribbean tour, is thought to have returned to London on Monday as he has a commitment to help out at the City firm ICAP's 24th annual Charity Day today.",,,,
The Telegraph,"As the Caribbean tour came to a close, Miss  posted a photo on Instagram of her dog Guy wearing a knitted jumper with the British national flag on it.",,,,
The Telegraph,"For the love of hand-me-downs. This was Bogart's sweater when he was a puppy, and now it's keeping Guy warm. #puppylove #adoptdontshop #reducereuserecycle",,,,
The Telegraph, declined to comment.,,,,