﻿dailymailceleb,Victoria Beckham praises 'genuinely lovely'   incredible  
dailymail,ancestors' life as Jazz Age stars  baseball great   
telegraph,visit Nelson Mandela centenary celebration 
telegraph,  firsts smashing glass ceiling 
telegraph,prince  speeches 
telegraph,blessing fight feminism Family  
telegraph, messy bun hairstyle  
telegraph,Inside  evening reception: Idris Elba 
telegraph,"Doria Ragland,   mother  steady helping hand"
telegraph,   dress triumph simple perfection controversial nod Wallis Simpson  
telegraph,Walt Disney better  
telegraph,"""Beautiful, simple, elegant"":   dress.  "
telegraph,  body language expert:  strength ceremony
telegraph,53 flowers Commonwealth nod   Diana: veil 
telegraph,"Diana aquamarine ring gifted  bride,    "
telegraph,Charles bonded  art yoga
telegraph,"Doria Ragland, mother bride:  mum became  rock best friend "
telegraph,"actress    sprinkled stardust glittering LA-set George Clooney, Idris Elba  David Beckham  "
telegraphnews, cake mirror image  ceremony break  tradition  British custom heart  
thesun,Pictures:  Queen 'gifts'   romantic love nest  
thesun,  has no choice but to ignore dad Thomas‚Äô over 'leak' fears  https://t.co/bQhBcEKXBd  https://t.co/sfIB63h994
thesun, ‚half-sister blasts  Family in brutal outburst  https://t.co/VfJI3hUdwS
thesun,Nelson Mandela‚granddaughter
thesun,tribute  Nelson Mandela 
thesun,  never-before-seen old classmate  sweet  
thesun, 11-year-old   pal  tear
thesun,thank you cards
thesun,  breaks style trend first 
thesun, fans convinced   best mum'  adorable snaps 
thesun,Pictured:   looks stylishly casual 
thesun,  moving secret tribute  Diana  
daily_express,Serena Williams  PECIAL BOND' 
daily_express,Poignant tribute  Diana  first 
daily_express,poignant connection Diana first public
daily_express,Queen LAVISH gift commemorate first
daily_express,Inside Train  Queen enjoyed SLEEPOVER
daily_express,  following  Diana footsteps  trip  
dailymirror, history impressive reason
dailymirror,Queen kind gesture  etiquette  
dailymirror,sleepover  train Queen  Kate 
dailymirror,  mum 'favourite' moment 
dailymirror, future President US  
dailymirror, popular  America  
dailymirror,break  tradition marrying
bbcnews,Stella McCartney:   evening dress 'reflected human 
guardian,proud feminist'
guardian,rousing celebration blackness 
dailymailuk,  family 'banned' from top reality TV ss Strictly Come Dancing  Celebrity  
dailymailuk,  wives  powerful men Melania Trump wear  delicate shade pink  
dailymailuk, rules  follow   Eugenie  Beatrice
dailymailuk,  breaks rule hold  hand
dailymailuk,Slant Kate Middleton cross legs ankle 
dailymailuk,Nervous   curtsy Queen sweet exchange
dailymailuk,"Sexy footage stripping proves Kate Middleton entitled £92,000 compensation topless photos lawyers  "
dailymailuk,  sister sparks fury 'free Tommy Robinson' plea 
dailymailuk,15-year acting career  'down-played'
dailymailuk, snub 
dailymailuk,PLATELL PEOPLE onely walk leaves feeling sad    
dailymailuk,mother Doria didn't  troubled ex  
dailymailceleb,slams   'crazy sister' Samantha  
dailymailceleb, SOLO trip  US family  friends'  
dailymailceleb,  dad utterly furious'
dailymailceleb,James Corden  ruined  
dailymailceleb,Katy Perry dress needed 'fitting'  one more
femail,friend  father heart surgery 'MADE UP' gain sympathy 
femail,  admits 'misses' acting Suits
femail,Prince Charles friend  dress concrete
femail, doppelganger  mistaken
femail,Social media hilariously comparing   lengthy veil  CVS RECEIPTS 
femail,Katy Perry Givenchy  dress 'needed one more fitting' 
femail,former girlfriend Chelsy Davy chic navy 
mailonline,Pornhub traffic plummeted 
dailymail, future sister-in-law  arrested assault
dailymail, Samantha Grant?   half-sister family row 
dailymail,  half-sister Samantha blasts r sibling 'ignoring fatherr'  
dailymail,  cannabis-growing nephew  reality TV
dailymail,Prince Charles dress concrete'common' family  
dailymail,  ex-husband Trevor Engelson
dailymail,  half-sister Samantha Doria Ragl 
telegraph,ex-girlfriend Chelsy Davy 
telegraphnews,  nephew  knife nightclub  Trump 
sun, ‚father sister Samantha fears dad Thomas could ‚fatherdie of sadness‚Äô over  rift  https://t.co/kcofOOFFa3
sun, ‚father
sun,  family banned  TV 
sun,father sister-in-law faces jail punched Thomas  fac
sun, father sister Samantha  'critical' plea  TV 
sun,  sister-in-law spends night bars 
sun,  ‚fatherhas no choice  ignore dad Thomas 'leak' fears  
sun, ‚father half-sister blasts  Family brutal outburst  
sun,seriously bizarre conspiracy theory 
sun,broken  protocol again 
sun,People noticed   major fashion fail spot
sun,adopted  British accent
sun,  dad  fears never  daughter again
sun,avoids holding   hand
sun, Charles' pal slams    dress  'common family'   
sun,People  noticed strange  married  spotted 
sun,fire  'breaking'  rule 
sun, ‚father dad blasts  Queen  
sun, body language expert noticed strange  married g
sun, father sister Samantha unleashes rant 
sun, outfit divided opinion
sun,father sister Samantha slams   again
sun, ‚father sister Samantha rant   
sun,bizarre' outfit 
sun, ‚father sister pleads reunite troubled family  shamed dad 
sun,Katy Perry makes brutal comment dress
daily_express,Kate help   solve family feud
daily_express,criticised  British author 'awful' 
daily_express, Family FURIOUS  father  Diana 
daily_express, father  SILENCED' furious  Family rant 
daily_express,‚father dad  Thomas REASON  'CUT 
daily_express, dad attacks
daily_express,  family 'BANNED  ITV  BBC reality
daily_express,signature  INSECURE  KATE   confident
daily_express,frustrated strict  rules 'difficult understand'
daily_express, Margaret:  divorcee   marry
daily_express, rebel!   REFUSED ditch' distinctive style   protocol  
daily_express,embark SECRET trip US 
daily_express,  sister Samantha  RAGES at 'old hag' Sharon Osbourne  Thomas
daily_express,  father Thomas  'utterly livid'  Sharon Osbourne 'drinking' swipe
daily_express,‚father half-sister launches furious attack dad dies
daily_express,  broke  tradition 
daily_express,  admits MISSES Suits role 
daily_express,BRITISH accent
daily_express, :avoids holding his wife‚hand married  
daily_express, ex Cressida Bonas follows   Suits stardom  MAJOR TV role
daily_express, ‚father half-sister Samantha  Celebrity Big Brortheri
daily_express,Donald Trump  Melania  UK trip
daily_express,    break travel rule  William  Kate 
daily_express,UPSET!   reaction dad Thomas  interview 
daily_express, followed Kate Middleton style lessons impress  Queen  
daily_express,    Kate first visits   Queen were  different 
daily_express,  PANICS forgets protocol Queen
daily_express,  sexy pics prove Kate  'WRONG £92k topless photos payout
daily_express, : Rule breaking bare shoulder dress 
daily_express, US divorcee Wallis Simpson
dailymirror,  furious dad
dailymirror,  dad  daughter  cut  life 
dailymirror, Wallis Simpson 
dailymirror,solo trip  US  family  friends
dailymirror,  dad 'made up heart surgery story miss
thesun,bizarre conspiracy theory out
daily_express, : Samantha  dubs sister ' Nonsense' ‚Äì calls  a 'wuss'  https://t.co/cjhcWNA6bc  https://t.co/qAfCMleeak
dailymirror,"  cannabis farmer nephew caught  knife club, Trump"