﻿dailymailceleb,Victoria Beckham praises 'genuinely lovely'   incredible  
dailymail,ancestors' life as Jazz Age stars  baseball great   
telegraph,visit Nelson Mandela centenary celebration 
telegraph,  firsts smashing glass ceiling 
telegraph,prince  speeches 
telegraph,blessing fight feminism Family  
telegraph, messy bun hairstyle  
telegraph,Inside  evening reception: Idris Elba 
telegraph,"Doria Ragland,   mother  steady helping hand"
telegraph,   dress triumph simple perfection controversial nod Wallis Simpson  
telegraph,Walt Disney better  
telegraph,"""Beautiful, simple, elegant"":   dress.  "
telegraph,  body language expert:  strength ceremony
telegraph,53 flowers Commonwealth nod   Diana: veil 
telegraph,"Diana aquamarine ring gifted  bride,    "
telegraph,Charles bonded  art yoga
telegraph,"Doria Ragland, mother bride:  mum became  rock best friend "
telegraph,"actress    sprinkled stardust glittering LA-set George Clooney, Idris Elba  David Beckham  "
telegraphnews, cake mirror image  ceremony break  tradition  British custom heart  
pagesix,outfit  homage Diana
usweekly,honored   Diana
usweekly,Serena Williams   friend   marry 
etnow,Kate Middleton bonded shared interest.
etnow,cheer Serena Williams
etnow,"  regal style  flawless,  nods  Diana"
etnow,Queen Elizabeth cute laughing
etnow,"  mother, Doria Ragland,  inspiration evident"
etnow,Victoria Beckham  stamp approval  dress.  
etnow,  donated  flowers  hospice cute pic:
etnow, gifts  Diana stunning aquamarine ring
etnow," , Kate Middleton   Diana common.  "
etnow, ‚reception speech  sweet. 
etnow," ""his bride"" touching reception speech"
etnow,epic  cake display.
etnow, break  unspoken  tradition exchanges rings
thedailybeast,"personal style  communicate courage  confidence, embrace tradition inform new role"
thedailybeast,"queen  empathy  connection strong, self-made independent woman"
thedailybeast, close relationship  queen  welcoming the newest  queen  snobbery  racism 
thedailybeast, Queen and  besties 
thedailybeast,overflowing cultural significance: choice service  radical breath fresh air  ultimate temple white privilege    represents. TimTeeman  
thedailybeast,   different  Kate Middleton  William  
thesun,Pictures:  Queen 'gifts'   romantic love nest  
thesun,  has no choice but to ignore dad Thomas‚Äô over 'leak' fears  https://t.co/bQhBcEKXBd  https://t.co/sfIB63h994
thesun, ‚half-sister blasts  Family in brutal outburst  https://t.co/VfJI3hUdwS
thesun,Nelson Mandela‚granddaughter
thesun,tribute  Nelson Mandela 
thesun,  never-before-seen old classmate  sweet  
thesun, 11-year-old   pal  tear
thesun,thank you cards
thesun,  breaks style trend first 
thesun, fans convinced   best mum'  adorable snaps 
thesun,Pictured:   looks stylishly casual 
thesun,  moving secret tribute  Diana  
popsugaruk,  following  Diana footsteps!
popsugaruk,mum beaming  happiness
popsugar, mom thank  inner strength
popsugar,following  Diana footsteps
perezhilton,subtle sweet tribute Diana
daily_express,Serena Williams  PECIAL BOND' 
daily_express,Poignant tribute  Diana  first 
daily_express,poignant connection Diana first public
daily_express,Queen LAVISH gift commemorate first
daily_express,Inside Train  Queen enjoyed SLEEPOVER
daily_express,  following  Diana footsteps  trip  
dailymirror, history impressive reason
dailymirror,Queen kind gesture  etiquette  
dailymirror,sleepover  train Queen  Kate 
dailymirror,  mum 'favourite' moment 
dailymirror, future President US  
dailymirror, popular  America  
dailymirror,break  tradition marrying
nydailynews,"biography recognizes  ""proud"" feminist  "
nydailynews,  celebrates background soulful non-traditional  ceremony 
nydailynews,Al Sharpton  sign  white supremacy  last breath
nydailynews,honored  mother  Diana
ellemagazine,Kate Middleton Pillar Support Thomas  Drama  
ellemagazine,Chrissy Teigen Slams   Dad:  Embarrassing
ellemagazine,helped   William repair elationships  Charles
ellemagazine,Plush  Gift Queen Elizabeth 
ellemagazine,  Teared  Serena Williams' Emotional Speech 
ellemagazine,  Thank You Cards  Sweet  
ellemagazine,Hold Hands Public Kate  William 
ellemagazine, hold   hand
ellemagazine,Longer Holding Hands Showing PDA Event  
ellemagazine,  Hung Out Serena Williams 
ellemagazine, Rejected   Attempt  Hold His Hand  Event 
ellemagazine,"Developed  'Increasingly Close, Warm' Friendship Queen Elizabeth"
ellemagazine, event role    Queen:  
ellemagazine, Pictures Prove   Queen Soulmates
ellemagazine,History  First  Nominated Teen Choice Award  
ellemagazine,modern   Givenchy history-making  Queen:
ellemagazine,  Queen Elizabeth Best Friends 
ellemagazine, Queen shared sweetest moment trip 
ellemagazine,12 Black Women
ellemagazine,Broke  Tradition  Gave Speech
ellemagazine,  History-Making Walk  Aisle  Herself  Charles  
ellemagazine, Ring Diana 
bbcnews,Stella McCartney:   evening dress 'reflected human 
instyle, reason  PDA  William  Kate Middleton
instyle, photographic evidence  great mom
instyle,  major duty Queen Elizabeth.
instyle,"Queen Elizabeth perk  William,  Kate Middleton!"
instyle,BFFs forever  Queen Elizabeth adult  friendship bracelets  LOVE
Vogue Magazine,
huffpostuk,"strong, independent woman single-handedly modernise  outdated institution family,"
usatoday, traditional 
time,fun photo kissing 
time,  shared kiss 
time,  Nelson Mandela granddaughter 
time,tribute Nelson Mandela
time, dress evolution  all-American girl
time, held hands 
time,Queen Elizabeth  giggly dynamic duo  first solo outing 
time,follow  Diana tradition next big move 
time,missed  honored  Diana photos 
time, special  flowers  
time,Charles mom Doria Ragland shared touching moment 
guardian,proud feminist'
guardian,rousing celebration blackness 
harpersbazaarus,Kate Middleton Helping   Cope  Family 
harpersbazaarus," Change World,"" Friend "
harpersbazaarus,"  Cried Serena Williams Speech "" Moms "
harpersbazaarus,Adorably Held Hands
harpersbazaarus,  Channeled  Diana Printed Blue Dress 
harpersbazaarus,Breaking  Protocol 
harpersbazaarus, Queen Guided   Sweetest  Visit 
harpersbazaarus,  Diana 
enews, Diana legacy lives 
enews,American twist
enews,mother-daughter bond   love letter mother Doria Ragland proves
enews,broke rules: 
enews,Diana ring 
instyle,"    kiss  public,  world SWOONS"
instyle,adorable‚public kiss unusual
,kiss
instyle, PDA alert shared  sweetest kiss 
instyle,Queen Elizabeth secretly  biggest fan 
instyle, subtly broke  etiquette‚ recovered  graceful 
instyle,Proof Kate Middleton friends
instyle,  Kate Middleton support Serena Williams 
voguemagazine, tribute   Diana  accessories statement 
voguemagazine,    shared kiss  instantly  iconic
voguemagazine,"Windsor clan, celebrity  Idris Elba, George  Amal Clooney, James Corden,  Serena Williams  celebrate     marriage"