﻿pagesix,sister admits selling  
pagesix,  sister father death 
pagesix,pants 
pagesix,$3K outfit Nelson Mela exhibition  
pagesix,allowed wear  hat 
pagesix," faking smile, father  "
pagesix,  misses 
pagesix, wardrobe worth $1 million
pagesix,Oprah worried  upstaging  
pagesix, father denies money 
etnow,"  father  ""cut "
etnow,"  half-sister, Samantha ,  ITV 'Good Morning Britain'   family drama "
etnow, family
etnow,Olivia Munn family drama
etnow,"  father, Thomas "
etnow,headlines again  breaking  protocol  legs. 
etnow, drama  Thomas  continues. piersmorgan dad paid TV interview
etnow,Katy Perry  needed 'one more fitting'  dress. 
radar_online,  brother  family   zombie.
radar_online,brother Queen Elizabeth  reign!
radar_online, old friends dumped
radar_online,  dad banned from  events life TV interview
radar_online,hottest   photos  videos.
radar_online,  fairy-tale  crashing  sex 
radar_online,  misses old life marrying 
radar_online,Treatment!   Mom 'Miserable' Silenced Palace
radar_online,"  "" mom "
dailybeast,"   facing betrayal  father, Thomas , vicious nterview "
dailybeast,   dad Thomas  faked his heart operation 
dailybeast,"  dad delivered  outburst  UK media  ""terrified""  "
dailybeast, dad  daughter suffering 
dailybeast, simple rule  politics is  nothing
dailybeast, drawn debate  limits political neutrality 
dailybeast,drawn political row expressing opinions   Irish abortion referendum 
dailybeast, trouble dad cause   family
dailybeast,relationship  father deteriorated doubts  daughter again  badmouthing  
dailybeast,polite  Donald Trump
dailybeast,face Trump  queen politically silent opinion
dailybeast,Back former life hates Trump  
dailybeast,Donald Trump queen  secret dislike for  US. president 
dailybeast,"father Thomas  paid £7,500  $10,000 interview Good Morning Britain, embarrassed   disclosing comments  Donald Trump  Brexit"
dailybeast,  father interview Trump chance  
dailybeast,  father Thomas  daughter  
dailybeast,  25-year-old cousin  knife  club  self-defence  Donald Trump 
dailybeast,"nephew cannabis farmer  Oregon, narrowly avoided arrested police club  blade"
bossip,Wilted Kale Salad Katy Perry Flapped Her Gums  Criticize  ‚father  Dress.  Dragging  Merciless.  
popsugaruk,"Chrissy Teigen  dad  ""embarrassing"" "
popsugaruk,hard queen  rules:
popsugaruk,Cressida Bonas  Chelsy Davy  ex  tie  knot
perezhilton, dad AGAIN
perezhilton,break  family
perezhilton,"  half-sister needs job, hobby,  one-way ticket to  moon"
perezhilton," ""lives fear"" father"
perezhilton,PDA monsters
,PDA
perezhilton," rules ""difficult understand."
perezhilton,"half-sister ripping Twitter  family ""cold""  responsible  father dies"
perezhilton, dad mouth shut
perezhilton,"Thomas  daughter  ""terrified"" public outings    family"
perezhilton,"Thomas,"
perezhilton,  family stop embarrassing headlines
nydailynews,"  dad  daughter terrified"" role pities  ""outdated""  family  "
nydailynews,  ex-husband Trevor Engelson 
ellemagazine, Struggling  Family Drama 
ellemagazine, Dad Thomas Faked His Heart Surgery Skip 
instyle,ChrissyTeigen for latest headline drama:
instyle,dad Diana interview
instyle, family drama:
instyle,‚father half-sister  blame   dad dies.
instyle, half-sister admitted cashing adjacent status. 
instyle," dad terrified""   role: "
instyle,Charles dad huge lump
instyle,"""Sexy"" footage lawyers topless Kate Middleton photo "
instyle,QueenElizabeth  minor faux pas first  visit
voguemagazine, subtly sophisticated riff  anything-but-basic  manicure
voguemagazine,missed  subtle  fresh spin  traditional  manicure
huffpost,  father  very worried
huffpost,"Samantha ,  half-sister urged    father"
huffpost,"significant breach recedent,   Ireland ‚recent vote  legalize abortion private conversations visit  Dublin"
huffpost,  ex-husband 
huffpost,"""One more fitting,  I love you,Katy Perry "
huffpostuk,  half-sister Samantha rumours: 'Life  cashing 
time,drawn   Irish abortion debate
glamourmag,difficult to understandand.'
enews,"father   press, "
enews,"  dad  interview.  phone number  text number  personal aides  critical words  Family changing ,  cut"
enews,  father father he thinks his daughter looks terrified in her new family  he can tell by her smile.. ü§î  https://t.co/WxmYxEdoao  https://t.co/ZVKzB1KYrF
enews,  dad is salty about  fact that Donald Trump is getting to meet Queen Elizabeth before he does:  https://t.co/w5rA0DJuLa
enews,"Just two weeks after   ,   ex-husb Trevor Engelson has popped  question to his girlfriend Tracey Kurl.  https://t.co/u2jfBdlrdI"
enews,  strayed tradition    speech  father absence
pagesix,:  ‚ex-husband is engaged  https://t.co/YVbjkwfSue  https://t.co/QUwV6yOOI5
pagesix,outfit  homage Diana
usweekly,honored   Diana
usweekly,Serena Williams   friend   marry 
etnow,Kate Middleton bonded shared interest.
etnow,cheer Serena Williams
etnow,"  regal style  flawless,  nods  Diana"
etnow,Queen Elizabeth cute laughing
etnow,"  mother, Doria Ragland,  inspiration evident"
etnow,Victoria Beckham  stamp approval  dress.  
etnow,  donated  flowers  hospice cute pic:
etnow, gifts  Diana stunning aquamarine ring
etnow," , Kate Middleton   Diana common.  "
etnow, ‚reception speech  sweet. 
etnow," ""his bride"" touching reception speech"
etnow,epic  cake display.
etnow, break  unspoken  tradition exchanges rings
thedailybeast,"personal style  communicate courage  confidence, embrace tradition inform new role"
thedailybeast,"queen  empathy  connection strong, self-made independent woman"
thedailybeast, close relationship  queen  welcoming the newest  queen  snobbery  racism 
thedailybeast, Queen and  besties 
thedailybeast,overflowing cultural significance: choice service  radical breath fresh air  ultimate temple white privilege    represents. TimTeeman  
thedailybeast,   different  Kate Middleton  William  
popsugaruk,  following  Diana footsteps!
popsugaruk,mum beaming  happiness
popsugar, mom thank  inner strength
popsugar,following  Diana footsteps
perezhilton,subtle sweet tribute Diana
nydailynews,"biography recognizes  ""proud"" feminist  "
nydailynews,  celebrates background soulful non-traditional  ceremony 
nydailynews,Al Sharpton  sign  white supremacy  last breath
nydailynews,honored  mother  Diana
ellemagazine,Kate Middleton Pillar Support Thomas  Drama  
ellemagazine,Chrissy Teigen Slams   Dad:  Embarrassing
ellemagazine,helped   William repair elationships  Charles
ellemagazine,Plush  Gift Queen Elizabeth 
ellemagazine,  Teared  Serena Williams' Emotional Speech 
ellemagazine,  Thank You Cards  Sweet  
ellemagazine,Hold Hands Public Kate  William 
ellemagazine, hold   hand
ellemagazine,Longer Holding Hands Showing PDA Event  
ellemagazine,  Hung Out Serena Williams 
ellemagazine, Rejected   Attempt  Hold His Hand  Event 
ellemagazine,"Developed  'Increasingly Close, Warm' Friendship Queen Elizabeth"
ellemagazine, event role    Queen:  
ellemagazine, Pictures Prove   Queen Soulmates
ellemagazine,History  First  Nominated Teen Choice Award  
ellemagazine,modern   Givenchy history-making  Queen:
ellemagazine,  Queen Elizabeth Best Friends 
ellemagazine, Queen shared sweetest moment trip 
ellemagazine,12 Black Women
ellemagazine,Broke  Tradition  Gave Speech
ellemagazine,  History-Making Walk  Aisle  Herself  Charles  
ellemagazine, Ring Diana 
instyle, reason  PDA  William  Kate Middleton
instyle, photographic evidence  great mom
instyle,  major duty Queen Elizabeth.
instyle,"Queen Elizabeth perk  William,  Kate Middleton!"
instyle,BFFs forever  Queen Elizabeth adult  friendship bracelets  LOVE
Vogue Magazine,
huffpostuk,"strong, independent woman single-handedly modernise  outdated institution family,"
usatoday, traditional 
time,fun photo kissing 
time,  shared kiss 
time,  Nelson Mandela granddaughter 
time,tribute Nelson Mandela
time, dress evolution  all-American girl
time, held hands 
time,Queen Elizabeth  giggly dynamic duo  first solo outing 
time,follow  Diana tradition next big move 
time,missed  honored  Diana photos 
time, special  flowers  
time,Charles mom Doria Ragland shared touching moment 
harpersbazaarus,Kate Middleton Helping   Cope  Family 
harpersbazaarus," Change World,"" Friend "
harpersbazaarus,"  Cried Serena Williams Speech "" Moms "
harpersbazaarus,Adorably Held Hands
harpersbazaarus,  Channeled  Diana Printed Blue Dress 
harpersbazaarus,Breaking  Protocol 
harpersbazaarus, Queen Guided   Sweetest  Visit 
harpersbazaarus,  Diana 
enews, Diana legacy lives 
enews,American twist
enews,mother-daughter bond   love letter mother Doria Ragland proves
enews,broke rules: 
enews,Diana ring 
instyle,"    kiss  public,  world SWOONS"
instyle,adorable‚public kiss unusual
,kiss
instyle, PDA alert shared  sweetest kiss 
instyle,Queen Elizabeth secretly  biggest fan 
instyle, subtly broke  etiquette‚ recovered  graceful 
instyle,Proof Kate Middleton friends
instyle,  Kate Middleton support Serena Williams 
voguemagazine, tribute   Diana  accessories statement 
voguemagazine,    shared kiss  instantly  iconic
voguemagazine,"Windsor clan, celebrity  Idris Elba, George  Amal Clooney, James Corden,  Serena Williams  celebrate     marriage"