﻿dailymailuk,  family 'banned' from top reality TV ss Strictly Come Dancing  Celebrity  
dailymailuk,  wives  powerful men Melania Trump wear  delicate shade pink  
dailymailuk, rules  follow   Eugenie  Beatrice
dailymailuk,  breaks rule hold  hand
dailymailuk,Slant Kate Middleton cross legs ankle 
dailymailuk,Nervous   curtsy Queen sweet exchange
dailymailuk,"Sexy footage stripping proves Kate Middleton entitled £92,000 compensation topless photos lawyers  "
dailymailuk,  sister sparks fury 'free Tommy Robinson' plea 
dailymailuk,15-year acting career  'down-played'
dailymailuk, snub 
dailymailuk,PLATELL PEOPLE onely walk leaves feeling sad    
dailymailuk,mother Doria didn't  troubled ex  
dailymailceleb,slams   'crazy sister' Samantha  
dailymailceleb, SOLO trip  US family  friends'  
dailymailceleb,  dad utterly furious'
dailymailceleb,James Corden  ruined  
dailymailceleb,Katy Perry dress needed 'fitting'  one more
femail,friend  father heart surgery 'MADE UP' gain sympathy 
femail,  admits 'misses' acting Suits
femail,Prince Charles friend  dress concrete
femail, doppelganger  mistaken
femail,Social media hilariously comparing   lengthy veil  CVS RECEIPTS 
femail,Katy Perry Givenchy  dress 'needed one more fitting' 
femail,former girlfriend Chelsy Davy chic navy 
mailonline,Pornhub traffic plummeted 
dailymail, future sister-in-law  arrested assault
dailymail, Samantha Grant?   half-sister family row 
dailymail,  half-sister Samantha blasts r sibling 'ignoring fatherr'  
dailymail,  cannabis-growing nephew  reality TV
dailymail,Prince Charles dress concrete'common' family  
dailymail,  ex-husband Trevor Engelson
dailymail,  half-sister Samantha Doria Ragl 
telegraph,ex-girlfriend Chelsy Davy 
telegraphnews,  nephew  knife nightclub  Trump 
pagesix,sister admits selling  
pagesix,  sister father death 
pagesix,pants 
pagesix,$3K outfit Nelson Mela exhibition  
pagesix,allowed wear  hat 
pagesix," faking smile, father  "
pagesix,  misses 
pagesix, wardrobe worth $1 million
pagesix,Oprah worried  upstaging  
pagesix, father denies money 
etnow,"  father  ""cut "
etnow,"  half-sister, Samantha ,  ITV 'Good Morning Britain'   family drama "
etnow, family
etnow,Olivia Munn family drama
etnow,"  father, Thomas "
etnow,headlines again  breaking  protocol  legs. 
etnow, drama  Thomas  continues. piersmorgan dad paid TV interview
etnow,Katy Perry  needed 'one more fitting'  dress. 
radar_online,  brother  family   zombie.
radar_online,brother Queen Elizabeth  reign!
radar_online, old friends dumped
radar_online,  dad banned from  events life TV interview
radar_online,hottest   photos  videos.
radar_online,  fairy-tale  crashing  sex 
radar_online,  misses old life marrying 
radar_online,Treatment!   Mom 'Miserable' Silenced Palace
radar_online,"  "" mom "
dailybeast,"   facing betrayal  father, Thomas , vicious nterview "
dailybeast,   dad Thomas  faked his heart operation 
dailybeast,"  dad delivered  outburst  UK media  ""terrified""  "
dailybeast, dad  daughter suffering 
dailybeast, simple rule  politics is  nothing
dailybeast, drawn debate  limits political neutrality 
dailybeast,drawn political row expressing opinions   Irish abortion referendum 
dailybeast, trouble dad cause   family
dailybeast,relationship  father deteriorated doubts  daughter again  badmouthing  
dailybeast,polite  Donald Trump
dailybeast,face Trump  queen politically silent opinion
dailybeast,Back former life hates Trump  
dailybeast,Donald Trump queen  secret dislike for  US. president 
dailybeast,"father Thomas  paid £7,500  $10,000 interview Good Morning Britain, embarrassed   disclosing comments  Donald Trump  Brexit"
dailybeast,  father interview Trump chance  
dailybeast,  father Thomas  daughter  
dailybeast,  25-year-old cousin  knife  club  self-defence  Donald Trump 
dailybeast,"nephew cannabis farmer  Oregon, narrowly avoided arrested police club  blade"
sun, ‚father sister Samantha fears dad Thomas could ‚fatherdie of sadness‚Äô over  rift  https://t.co/kcofOOFFa3
sun, ‚father
sun,  family banned  TV 
sun,father sister-in-law faces jail punched Thomas  fac
sun, father sister Samantha  'critical' plea  TV 
sun,  sister-in-law spends night bars 
sun,  ‚fatherhas no choice  ignore dad Thomas 'leak' fears  
sun, ‚father half-sister blasts  Family brutal outburst  
sun,seriously bizarre conspiracy theory 
sun,broken  protocol again 
sun,People noticed   major fashion fail spot
sun,adopted  British accent
sun,  dad  fears never  daughter again
sun,avoids holding   hand
sun, Charles' pal slams    dress  'common family'   
sun,People  noticed strange  married  spotted 
sun,fire  'breaking'  rule 
sun, ‚father dad blasts  Queen  
sun, body language expert noticed strange  married g
sun, father sister Samantha unleashes rant 
sun, outfit divided opinion
sun,father sister Samantha slams   again
sun, ‚father sister Samantha rant   
sun,bizarre' outfit 
sun, ‚father sister pleads reunite troubled family  shamed dad 
sun,Katy Perry makes brutal comment dress
bossip,Wilted Kale Salad Katy Perry Flapped Her Gums  Criticize  ‚father  Dress.  Dragging  Merciless.  
popsugaruk,"Chrissy Teigen  dad  ""embarrassing"" "
popsugaruk,hard queen  rules:
popsugaruk,Cressida Bonas  Chelsy Davy  ex  tie  knot
perezhilton, dad AGAIN
perezhilton,break  family
perezhilton,"  half-sister needs job, hobby,  one-way ticket to  moon"
perezhilton," ""lives fear"" father"
perezhilton,PDA monsters
,PDA
perezhilton," rules ""difficult understand."
perezhilton,"half-sister ripping Twitter  family ""cold""  responsible  father dies"
perezhilton, dad mouth shut
perezhilton,"Thomas  daughter  ""terrified"" public outings    family"
perezhilton,"Thomas,"
perezhilton,  family stop embarrassing headlines
daily_express,Kate help   solve family feud
daily_express,criticised  British author 'awful' 
daily_express, Family FURIOUS  father  Diana 
daily_express, father  SILENCED' furious  Family rant 
daily_express,‚father dad  Thomas REASON  'CUT 
daily_express, dad attacks
daily_express,  family 'BANNED  ITV  BBC reality
daily_express,signature  INSECURE  KATE   confident
daily_express,frustrated strict  rules 'difficult understand'
daily_express, Margaret:  divorcee   marry
daily_express, rebel!   REFUSED ditch' distinctive style   protocol  
daily_express,embark SECRET trip US 
daily_express,  sister Samantha  RAGES at 'old hag' Sharon Osbourne  Thomas
daily_express,  father Thomas  'utterly livid'  Sharon Osbourne 'drinking' swipe
daily_express,‚father half-sister launches furious attack dad dies
daily_express,  broke  tradition 
daily_express,  admits MISSES Suits role 
daily_express,BRITISH accent
daily_express, :avoids holding his wife‚hand married  
daily_express, ex Cressida Bonas follows   Suits stardom  MAJOR TV role
daily_express, ‚father half-sister Samantha  Celebrity Big Brortheri
daily_express,Donald Trump  Melania  UK trip
daily_express,    break travel rule  William  Kate 
daily_express,UPSET!   reaction dad Thomas  interview 
daily_express, followed Kate Middleton style lessons impress  Queen  
daily_express,    Kate first visits   Queen were  different 
daily_express,  PANICS forgets protocol Queen
daily_express,  sexy pics prove Kate  'WRONG £92k topless photos payout
daily_express, : Rule breaking bare shoulder dress 
daily_express, US divorcee Wallis Simpson
dailymirror,  furious dad
dailymirror,  dad  daughter  cut  life 
dailymirror, Wallis Simpson 
dailymirror,solo trip  US  family  friends
dailymirror,  dad 'made up heart surgery story miss
nydailynews,"  dad  daughter terrified"" role pities  ""outdated""  family  "
nydailynews,  ex-husband Trevor Engelson 
ellemagazine, Struggling  Family Drama 
ellemagazine, Dad Thomas Faked His Heart Surgery Skip 
instyle,ChrissyTeigen for latest headline drama:
instyle,dad Diana interview
instyle, family drama:
instyle,‚father half-sister  blame   dad dies.
instyle, half-sister admitted cashing adjacent status. 
instyle," dad terrified""   role: "
instyle,Charles dad huge lump
instyle,"""Sexy"" footage lawyers topless Kate Middleton photo "
instyle,QueenElizabeth  minor faux pas first  visit
voguemagazine, subtly sophisticated riff  anything-but-basic  manicure
voguemagazine,missed  subtle  fresh spin  traditional  manicure
huffpost,  father  very worried
huffpost,"Samantha ,  half-sister urged    father"
huffpost,"significant breach recedent,   Ireland ‚recent vote  legalize abortion private conversations visit  Dublin"
huffpost,  ex-husband 
huffpost,"""One more fitting,  I love you,Katy Perry "
huffpostuk,  half-sister Samantha rumours: 'Life  cashing 
time,drawn   Irish abortion debate
glamourmag,difficult to understandand.'
enews,"father   press, "
enews,"  dad  interview.  phone number  text number  personal aides  critical words  Family changing ,  cut"
enews,  father father he thinks his daughter looks terrified in her new family  he can tell by her smile.. ü§î  https://t.co/WxmYxEdoao  https://t.co/ZVKzB1KYrF
enews,  dad is salty about  fact that Donald Trump is getting to meet Queen Elizabeth before he does:  https://t.co/w5rA0DJuLa
enews,"Just two weeks after   ,   ex-husb Trevor Engelson has popped  question to his girlfriend Tracey Kurl.  https://t.co/u2jfBdlrdI"
enews,  strayed tradition    speech  father absence
pagesix,:  ‚ex-husband is engaged  https://t.co/YVbjkwfSue  https://t.co/QUwV6yOOI5
thesun,bizarre conspiracy theory out
daily_express, : Samantha  dubs sister ' Nonsense' ‚Äì calls  a 'wuss'  https://t.co/cjhcWNA6bc  https://t.co/qAfCMleeak
dailymirror,"  cannabis farmer nephew caught  knife club, Trump"